--
-- Dumping data for table `auth_group`
--

INSERT INTO `auth_group` (`id`, `name`) VALUES
(2, 'Part-time'),
(1, 'Staff'),
(3, 'Student');

--
-- Dumping data for table `auth_user`
--

INSERT INTO `auth_user` (`id`, `password`, `last_login`, `is_superuser`, `username`, `first_name`, `last_name`, `email`, `is_staff`, `is_active`, `date_joined`) VALUES
(1, 'pbkdf2_sha256$150000$2DpbCJAdLFOS$w+6SRwGyxC4rTieIeGGUWwXmbdKfcwp3vPx9UWzL3Js=', '2019-08-16 00:51:11.818611', 1, 'admin', 'admin', '', 'npxthang.enactusiu@gmail.com', 1, 1, '2018-11-17 08:31:05.000000'),
(2, 'pbkdf2_sha256$150000$DtMP9F48TDFJ$88AEshvdr1+VvZu28vmRU50hSQkdhFnC8mXD8Q5O/Gc=', NULL, 0, 'student', 'student', '', '', 0, 1, '2018-11-17 14:29:15.000000'),
(3, 'pbkdf2_sha256$150000$DtMP9F48TDFJ$88AEshvdr1+VvZu28vmRU50hSQkdhFnC8mXD8Q5O/Gc=', NULL, 0, 'staff', 'Lib Staff', '', '', 0, 1, '2019-07-14 01:37:14.000000'),
(4, 'pbkdf2_sha256$150000$DtMP9F48TDFJ$88AEshvdr1+VvZu28vmRU50hSQkdhFnC8mXD8Q5O/Gc=', NULL, 0, 'parttime', 'Part Time', '', '', 0, 1, '2019-07-14 02:01:09.000000'),
(5, 'pbkdf2_sha256$150000$DtMP9F48TDFJ$88AEshvdr1+VvZu28vmRU50hSQkdhFnC8mXD8Q5O/Gc=', NULL, 0, 'ba18ex008', 'Camilla Reiflin', 'Larsen', 'camla16@student.sdu.dk', 0, 1, '2019-07-14 02:02:26.000000'),
(6, 'pbkdf2_sha256$150000$DtMP9F48TDFJ$88AEshvdr1+VvZu28vmRU50hSQkdhFnC8mXD8Q5O/Gc=', NULL, 0, 'ba18ex009', 'Minna-Nadia', 'Shukri', 'mishu16@student.sdu.dk', 0, 1, '2019-07-14 02:02:26.000000'),
(7, 'pbkdf2_sha256$150000$DtMP9F48TDFJ$88AEshvdr1+VvZu28vmRU50hSQkdhFnC8mXD8Q5O/Gc=', NULL, 0, 'ba18ex010', 'Lasse Brysting', 'Jeppesen', 'ljepp10@student.sdu.dk', 0, 1, '2019-07-14 02:02:26.000000'),
(8, 'pbkdf2_sha256$150000$DtMP9F48TDFJ$88AEshvdr1+VvZu28vmRU50hSQkdhFnC8mXD8Q5O/Gc=', NULL, 0, 'babaiu14035', 'Võ Thị Ngọc', 'Anh', 'vtngocanh96@gmail.com', 0, 1, '2019-07-14 02:02:26.000000'),
(9, 'pbkdf2_sha256$150000$DtMP9F48TDFJ$88AEshvdr1+VvZu28vmRU50hSQkdhFnC8mXD8Q5O/Gc=', NULL, 0, 'babaiu14088', 'Le Canh Phuong', 'Hanh', 'hanhle1996@gmail.com', 0, 1, '2019-07-14 02:02:26.000000'),
(10, 'pbkdf2_sha256$150000$DtMP9F48TDFJ$88AEshvdr1+VvZu28vmRU50hSQkdhFnC8mXD8Q5O/Gc=', NULL, 0, 'babaiu14166', 'Phung Thi Kim', 'Ngan', 'kimngannn120296@gmail.com', 0, 1, '2019-07-14 02:02:26.000000'),
(11, 'pbkdf2_sha256$150000$DtMP9F48TDFJ$88AEshvdr1+VvZu28vmRU50hSQkdhFnC8mXD8Q5O/Gc=', NULL, 0, 'babaiu14175', 'Võ Ngọc Thảo', 'Nguyên', 'vongocthaonguyen510@gmail.com', 0, 1, '2019-07-14 02:02:26.000000'),
(12, 'pbkdf2_sha256$150000$DtMP9F48TDFJ$88AEshvdr1+VvZu28vmRU50hSQkdhFnC8mXD8Q5O/Gc=', NULL, 0, 'babaiu14192', 'Lê Thị Tuyết', 'Nhung', 'lttnhung@gmail.com', 0, 1, '2019-07-14 02:02:26.000000'),
(13, 'pbkdf2_sha256$150000$DtMP9F48TDFJ$88AEshvdr1+VvZu28vmRU50hSQkdhFnC8mXD8Q5O/Gc=', NULL, 0, 'babaiu14193', 'Võ Hoàng', 'Nhựt', 'hoangnhut2907@gmail.com', 0, 1, '2019-07-14 02:02:26.000000'),
(14, 'pbkdf2_sha256$150000$DtMP9F48TDFJ$88AEshvdr1+VvZu28vmRU50hSQkdhFnC8mXD8Q5O/Gc=', NULL, 0, 'babaiu14219', 'Nguyễn Ngọc Như', 'Quỳnh', 'nhuquynhnguyen2801@gmail.com', 0, 1, '2019-07-14 02:02:26.000000'),
(15, 'pbkdf2_sha256$150000$DtMP9F48TDFJ$88AEshvdr1+VvZu28vmRU50hSQkdhFnC8mXD8Q5O/Gc=', NULL, 0, 'babaiu14388', 'Nguyen Anh', 'Quan', 'anhquannguyen1211@gmail.com', 0, 1, '2019-07-14 02:02:26.000000'),
(16, 'pbkdf2_sha256$150000$DtMP9F48TDFJ$88AEshvdr1+VvZu28vmRU50hSQkdhFnC8mXD8Q5O/Gc=', NULL, 0, 'babaiu15058', 'Lê  Huỳnh Thảo', 'Nhi', 'emailcuanhi@gmail.com', 0, 1, '2019-07-14 02:02:26.000000'),
(17, 'pbkdf2_sha256$150000$DtMP9F48TDFJ$88AEshvdr1+VvZu28vmRU50hSQkdhFnC8mXD8Q5O/Gc=', NULL, 0, 'babaiu15076', 'Lê Thị Thiên', 'Thanh', 'thanh9biz@gmail.com', 0, 1, '2019-07-14 02:02:26.000000'),
(18, 'pbkdf2_sha256$150000$DtMP9F48TDFJ$88AEshvdr1+VvZu28vmRU50hSQkdhFnC8mXD8Q5O/Gc=', NULL, 0, 'babaiu15219', 'Tran Le Thuy', 'Linh', 'tranlethuylinh97@gmail.com', 0, 1, '2019-07-14 02:02:26.000000'),
(19, 'pbkdf2_sha256$150000$DtMP9F48TDFJ$88AEshvdr1+VvZu28vmRU50hSQkdhFnC8mXD8Q5O/Gc=', NULL, 0, 'babaiu16219', 'Tran Hoai', 'Bao', 'tranhoaibaotn@gmail.com', 0, 1, '2019-07-14 02:02:26.000000'),
(20, 'pbkdf2_sha256$150000$DtMP9F48TDFJ$88AEshvdr1+VvZu28vmRU50hSQkdhFnC8mXD8Q5O/Gc=', NULL, 0, 'babaiu17071', 'Ngô Nguyễn Thúy', 'Anh', 'anhngonguyenthuy@gmail.com', 0, 1, '2019-07-14 02:02:26.000000'),
(21, 'pbkdf2_sha256$150000$DtMP9F48TDFJ$88AEshvdr1+VvZu28vmRU50hSQkdhFnC8mXD8Q5O/Gc=', NULL, 0, 'babans16012', 'Lê Trần Trí', 'Anh', 'chianhlt1998@gmail.com', 0, 1, '2019-07-14 02:02:26.000000'),
(22, 'pbkdf2_sha256$150000$DtMP9F48TDFJ$88AEshvdr1+VvZu28vmRU50hSQkdhFnC8mXD8Q5O/Gc=', NULL, 0, 'babans17023', 'Nguyễn Võ Anh', 'Thy', 'nguyenvoanhthy@gmail.com', 0, 1, '2019-07-14 02:02:26.000000'),
(23, 'pbkdf2_sha256$150000$DtMP9F48TDFJ$88AEshvdr1+VvZu28vmRU50hSQkdhFnC8mXD8Q5O/Gc=', NULL, 0, 'babans17038', 'Nguyễn Phạm Tri', 'Hiền', 'npthien@iuyouth.edu.vn', 0, 1, '2019-07-14 02:02:26.000000'),
(24, 'pbkdf2_sha256$150000$DtMP9F48TDFJ$88AEshvdr1+VvZu28vmRU50hSQkdhFnC8mXD8Q5O/Gc=', NULL, 0, 'babans17073', 'Lê Hồng', 'Phúc', 'lehongphuc.plh@gmail.com', 0, 1, '2019-07-14 02:02:26.000000'),
(25, 'pbkdf2_sha256$150000$DtMP9F48TDFJ$88AEshvdr1+VvZu28vmRU50hSQkdhFnC8mXD8Q5O/Gc=', NULL, 0, 'babauh18057', 'Trần Thị Khánh', 'Linh', 'khanhlinh23092309@gmail.com', 0, 1, '2019-07-14 02:02:26.000000'),
(26, 'pbkdf2_sha256$150000$DtMP9F48TDFJ$88AEshvdr1+VvZu28vmRU50hSQkdhFnC8mXD8Q5O/Gc=', NULL, 0, 'babawe12088', 'Nguyễn Thị Ánh', 'Tuyết', 'snow.nguyen.1994@gmail.com', 0, 1, '2019-07-14 02:02:26.000000'),
(27, 'pbkdf2_sha256$150000$DtMP9F48TDFJ$88AEshvdr1+VvZu28vmRU50hSQkdhFnC8mXD8Q5O/Gc=', NULL, 0, 'babawe13011', 'Le', 'Leos', 'leleos94@gmail.com', 0, 1, '2019-07-14 02:02:26.000000'),
(28, 'pbkdf2_sha256$150000$DtMP9F48TDFJ$88AEshvdr1+VvZu28vmRU50hSQkdhFnC8mXD8Q5O/Gc=', NULL, 0, 'babawe13209', 'Vo Thi Hong', 'Hanh', 'hanhvth0901@gmail.com', 0, 1, '2019-07-14 02:02:26.000000'),
(29, 'pbkdf2_sha256$150000$DtMP9F48TDFJ$88AEshvdr1+VvZu28vmRU50hSQkdhFnC8mXD8Q5O/Gc=', NULL, 0, 'babawe15015', 'Trần Anh', 'Khoa', 'trananhkhoa91197@gmail.com', 0, 1, '2019-07-14 02:02:26.000000'),
(30, 'pbkdf2_sha256$150000$DtMP9F48TDFJ$88AEshvdr1+VvZu28vmRU50hSQkdhFnC8mXD8Q5O/Gc=', NULL, 0, 'babawe15052', 'Dinh Thi Minh', 'Tuyen', 'mitu2308@gmail.com', 0, 1, '2019-07-14 02:02:26.000000'),
(31, 'pbkdf2_sha256$150000$DtMP9F48TDFJ$88AEshvdr1+VvZu28vmRU50hSQkdhFnC8mXD8Q5O/Gc=', NULL, 0, 'babawe15156', 'Pham Phi', 'Hung', 'centipoool@gmail.com', 0, 1, '2019-07-14 02:02:26.000000'),
(32, 'pbkdf2_sha256$150000$DtMP9F48TDFJ$88AEshvdr1+VvZu28vmRU50hSQkdhFnC8mXD8Q5O/Gc=', NULL, 0, 'babawe15176', 'Tô Thị Thanh', 'Thảo', 'thanhthao123.123@gmail.com', 0, 1, '2019-07-14 02:02:26.000000'),
(33, 'pbkdf2_sha256$150000$DtMP9F48TDFJ$88AEshvdr1+VvZu28vmRU50hSQkdhFnC8mXD8Q5O/Gc=', NULL, 0, 'babawe15191', 'Tran Nhat Le', 'Vi', 'vitrn.91@gmail.com', 0, 1, '2019-07-14 02:02:26.000000'),
(34, 'pbkdf2_sha256$150000$DtMP9F48TDFJ$88AEshvdr1+VvZu28vmRU50hSQkdhFnC8mXD8Q5O/Gc=', NULL, 0, 'babawe15212', 'Vũ Hoàng Thương', 'Thương', 'thuongvht.ssc@gmail.com', 0, 1, '2019-07-14 02:02:26.000000'),
(35, 'pbkdf2_sha256$150000$DtMP9F48TDFJ$88AEshvdr1+VvZu28vmRU50hSQkdhFnC8mXD8Q5O/Gc=', NULL, 0, 'babawe15366', 'Trần An', 'Bình', 'trananbinh97@gmail.com', 0, 1, '2019-07-14 02:02:26.000000'),
(36, 'pbkdf2_sha256$150000$DtMP9F48TDFJ$88AEshvdr1+VvZu28vmRU50hSQkdhFnC8mXD8Q5O/Gc=', NULL, 0, 'babawe15387', 'Vũ Ngọc Như', 'Quỳnh', 'Hilary.vu1208@gmail.com', 0, 1, '2019-07-14 02:02:26.000000'),
(37, 'pbkdf2_sha256$150000$DtMP9F48TDFJ$88AEshvdr1+VvZu28vmRU50hSQkdhFnC8mXD8Q5O/Gc=', NULL, 0, 'babawe16001', 'Trần Hoài', 'Bảo', 'tranhoaibaotn@gmail.com', 0, 1, '2019-07-14 02:02:26.000000'),
(38, 'pbkdf2_sha256$150000$DtMP9F48TDFJ$88AEshvdr1+VvZu28vmRU50hSQkdhFnC8mXD8Q5O/Gc=', NULL, 0, 'babawe16144', 'Nguyễn Thiên', 'Ý', 'ynguyen0510@yahoo.com', 0, 1, '2019-07-14 02:02:26.000000'),
(39, 'pbkdf2_sha256$150000$DtMP9F48TDFJ$88AEshvdr1+VvZu28vmRU50hSQkdhFnC8mXD8Q5O/Gc=', NULL, 0, 'babawe16210', 'Huynh Hoang Kim', 'Phung', 'huynhhoangkimphung98@gmail.com', 0, 1, '2019-07-14 02:02:26.000000'),
(40, 'pbkdf2_sha256$150000$DtMP9F48TDFJ$88AEshvdr1+VvZu28vmRU50hSQkdhFnC8mXD8Q5O/Gc=', NULL, 0, 'babawe16280', 'Lê Hoàng', 'Long', 'lehoanglong1998@gmail.com', 0, 1, '2019-07-14 02:02:26.000000'),
(41, 'pbkdf2_sha256$150000$DtMP9F48TDFJ$88AEshvdr1+VvZu28vmRU50hSQkdhFnC8mXD8Q5O/Gc=', NULL, 0, 'babawe17017', 'Đinh Nguyễn Đoan', 'Trang', 'doantrangdn99@gmail.com', 0, 1, '2019-07-14 02:02:26.000000'),
(42, 'pbkdf2_sha256$150000$DtMP9F48TDFJ$88AEshvdr1+VvZu28vmRU50hSQkdhFnC8mXD8Q5O/Gc=', NULL, 0, 'babawe17023', 'Nguyen Mai Quynh', 'Anh', 'quynhanh04031999@gmail.com', 0, 1, '2019-07-14 02:02:26.000000'),
(43, 'pbkdf2_sha256$150000$DtMP9F48TDFJ$88AEshvdr1+VvZu28vmRU50hSQkdhFnC8mXD8Q5O/Gc=', NULL, 0, 'babawe17024', 'Tran Mai', 'Thy', 'sammy1999vn@gmail.com', 0, 1, '2019-07-14 02:02:26.000000'),
(44, 'pbkdf2_sha256$150000$DtMP9F48TDFJ$88AEshvdr1+VvZu28vmRU50hSQkdhFnC8mXD8Q5O/Gc=', NULL, 0, 'babawe17037', 'Phạm Hoàng Mai', 'Trân', 'phamhoangmaitran3107@gmail.com', 0, 1, '2019-07-14 02:02:26.000000'),
(45, 'pbkdf2_sha256$150000$DtMP9F48TDFJ$88AEshvdr1+VvZu28vmRU50hSQkdhFnC8mXD8Q5O/Gc=', NULL, 0, 'babawe17041', 'Võ Ngọc Duy', 'Khiêm', 'vongocduykhiem123@gmail.com', 0, 1, '2019-07-14 02:02:26.000000'),
(46, 'pbkdf2_sha256$150000$DtMP9F48TDFJ$88AEshvdr1+VvZu28vmRU50hSQkdhFnC8mXD8Q5O/Gc=', NULL, 0, 'babawe17055', 'Trần Đặng An', 'Phương', 'trandang.anphuong@gmail.com', 0, 1, '2019-07-14 02:02:26.000000'),
(47, 'pbkdf2_sha256$150000$DtMP9F48TDFJ$88AEshvdr1+VvZu28vmRU50hSQkdhFnC8mXD8Q5O/Gc=', NULL, 0, 'babawe17235', 'Lâm Hoàng', 'Huy', 'huylam.nicevip@gmail.com', 0, 1, '2019-07-14 02:02:26.000000'),
(48, 'pbkdf2_sha256$150000$DtMP9F48TDFJ$88AEshvdr1+VvZu28vmRU50hSQkdhFnC8mXD8Q5O/Gc=', NULL, 0, 'babawe17332', 'Huỳnh Kim Hà', 'Giang', 'gianghuynh0902@gmail.com', 0, 1, '2019-07-14 02:02:26.000000'),
(49, 'pbkdf2_sha256$150000$DtMP9F48TDFJ$88AEshvdr1+VvZu28vmRU50hSQkdhFnC8mXD8Q5O/Gc=', NULL, 0, 'bafniu13074', 'Trần Nam', 'Phương', 'namphuong0394@gmail.com', 0, 1, '2019-07-14 02:02:26.000000'),
(50, 'pbkdf2_sha256$150000$DtMP9F48TDFJ$88AEshvdr1+VvZu28vmRU50hSQkdhFnC8mXD8Q5O/Gc=', NULL, 0, 'bafniu13243', 'Hoàng Lưu Cẩm', 'Tú', 'camtuhoangluu4@gmail.com', 0, 1, '2019-07-14 02:02:26.000000'),
(51, 'pbkdf2_sha256$150000$DtMP9F48TDFJ$88AEshvdr1+VvZu28vmRU50hSQkdhFnC8mXD8Q5O/Gc=', NULL, 0, 'bafniu14092', 'Trần Hà', 'Nguyên', 'tranhanguyen20@gmail.com', 0, 1, '2019-07-14 02:02:26.000000'),
(52, 'pbkdf2_sha256$150000$DtMP9F48TDFJ$88AEshvdr1+VvZu28vmRU50hSQkdhFnC8mXD8Q5O/Gc=', NULL, 0, 'bafniu14198', 'Phan Từ Như', 'Ý', 'whyfor13@gmail.com', 0, 1, '2019-07-14 02:02:26.000000'),
(53, 'pbkdf2_sha256$150000$DtMP9F48TDFJ$88AEshvdr1+VvZu28vmRU50hSQkdhFnC8mXD8Q5O/Gc=', NULL, 0, 'bafniu15057', 'Lê Thị Thanh', 'Mai', 'lttmai.iu@gmail.com', 0, 1, '2019-07-14 02:02:26.000000'),
(54, 'pbkdf2_sha256$150000$DtMP9F48TDFJ$88AEshvdr1+VvZu28vmRU50hSQkdhFnC8mXD8Q5O/Gc=', NULL, 0, 'bafniu15088', 'Nguyễn Ngô Uyên', 'Ngọc', 'nngouyenngoc@gmail.com', 0, 1, '2019-07-14 02:02:26.000000'),
(55, 'pbkdf2_sha256$150000$DtMP9F48TDFJ$88AEshvdr1+VvZu28vmRU50hSQkdhFnC8mXD8Q5O/Gc=', NULL, 0, 'bafniu15155', 'Tran Quang', 'Tri', 'kuroemon197@gmail.com', 0, 1, '2019-07-14 02:02:26.000000'),
(56, 'pbkdf2_sha256$150000$DtMP9F48TDFJ$88AEshvdr1+VvZu28vmRU50hSQkdhFnC8mXD8Q5O/Gc=', NULL, 0, 'bafniu15184', 'Trương Quỳnh Trúc', 'Khanh', 'tqtkhanh@gmail.com', 0, 1, '2019-07-14 02:02:26.000000'),
(57, 'pbkdf2_sha256$150000$DtMP9F48TDFJ$88AEshvdr1+VvZu28vmRU50hSQkdhFnC8mXD8Q5O/Gc=', NULL, 0, 'bafniu16015', 'Vo Thi Thanh', 'Nhan', 'vothanhnhanpt@gmail.com', 0, 1, '2019-07-14 02:02:26.000000'),
(58, 'pbkdf2_sha256$150000$DtMP9F48TDFJ$88AEshvdr1+VvZu28vmRU50hSQkdhFnC8mXD8Q5O/Gc=', NULL, 0, 'bafniu16024', 'Dang Diep', 'Tung', 'dangdieptung.thd@gmail.com', 0, 1, '2019-07-14 02:02:26.000000'),
(59, 'pbkdf2_sha256$150000$DtMP9F48TDFJ$88AEshvdr1+VvZu28vmRU50hSQkdhFnC8mXD8Q5O/Gc=', NULL, 0, 'bafniu16080', 'Trần Ngọc Phương', 'Trang', 'phuongtrang210730@gmail.com', 0, 1, '2019-07-14 02:02:26.000000'),
(60, 'pbkdf2_sha256$150000$DtMP9F48TDFJ$88AEshvdr1+VvZu28vmRU50hSQkdhFnC8mXD8Q5O/Gc=', NULL, 0, 'bafniu18119', 'Đỗ Thanh', 'Sơn', 'dothanhson2120@gmail.com', 0, 1, '2019-07-14 02:02:26.000000'),
(61, 'pbkdf2_sha256$150000$DtMP9F48TDFJ$88AEshvdr1+VvZu28vmRU50hSQkdhFnC8mXD8Q5O/Gc=', NULL, 0, 'bafniu18226', 'Pham Hong', 'Vy', 'vypink160620@gmail.com', 0, 1, '2019-07-14 02:02:26.000000'),
(62, 'pbkdf2_sha256$150000$DtMP9F48TDFJ$88AEshvdr1+VvZu28vmRU50hSQkdhFnC8mXD8Q5O/Gc=', NULL, 0, 'bebeiu18176', 'Võ Nguyên', 'Khôi', 'nguyenkhoi8071@gmail.com', 0, 1, '2019-07-14 02:02:26.000000'),
(63, 'pbkdf2_sha256$150000$DtMP9F48TDFJ$88AEshvdr1+VvZu28vmRU50hSQkdhFnC8mXD8Q5O/Gc=', NULL, 0, 'btbtiu16046', 'Tran Thanh', 'Tam', 'tranthanhtam427@gmail.com', 0, 1, '2019-07-14 02:02:26.000000'),
(64, 'pbkdf2_sha256$150000$DtMP9F48TDFJ$88AEshvdr1+VvZu28vmRU50hSQkdhFnC8mXD8Q5O/Gc=', NULL, 0, 'btbtiu17034', 'Đỗ Minh', 'Thảo', 'gavrailcerasus@gmail.com', 0, 1, '2019-07-14 02:02:26.000000'),
(65, 'pbkdf2_sha256$150000$DtMP9F48TDFJ$88AEshvdr1+VvZu28vmRU50hSQkdhFnC8mXD8Q5O/Gc=', NULL, 0, 'btbtiu17042', 'Huỳnh Hồng Thiên', 'Hương', 'thienhuong169@gmail.com', 0, 1, '2019-07-14 02:02:26.000000'),
(66, 'pbkdf2_sha256$150000$DtMP9F48TDFJ$88AEshvdr1+VvZu28vmRU50hSQkdhFnC8mXD8Q5O/Gc=', NULL, 0, 'btbtiu18169', 'Lê Bửu Vĩnh', 'Nguyên', 'lbvnnct25@gmail.com', 0, 1, '2019-07-14 02:02:26.000000'),
(67, 'pbkdf2_sha256$150000$DtMP9F48TDFJ$88AEshvdr1+VvZu28vmRU50hSQkdhFnC8mXD8Q5O/Gc=', NULL, 0, 'btbtun15004', 'Đỗ Thị Thanh', 'Nguyệt', 'thanhnguyet021097@gmail.com', 0, 1, '2019-07-14 02:02:26.000000'),
(68, 'pbkdf2_sha256$150000$DtMP9F48TDFJ$88AEshvdr1+VvZu28vmRU50hSQkdhFnC8mXD8Q5O/Gc=', NULL, 0, 'btftiu14129', 'Luyện Ngọc Đỗ', 'Uyên', 'luyenngocdouyen@gmail.com', 0, 1, '2019-07-14 02:02:26.000000'),
(69, 'pbkdf2_sha256$150000$DtMP9F48TDFJ$88AEshvdr1+VvZu28vmRU50hSQkdhFnC8mXD8Q5O/Gc=', NULL, 0, 'btftiu15027', 'Lê Thị Huyền', 'My', 'lehuyenmy104@gmail.com', 0, 1, '2019-07-14 02:02:26.000000'),
(70, 'pbkdf2_sha256$150000$DtMP9F48TDFJ$88AEshvdr1+VvZu28vmRU50hSQkdhFnC8mXD8Q5O/Gc=', NULL, 0, 'btftiu15035', 'Ngô Ái', 'Quỳnh', 'aiquynhangela1997@gmail.com', 0, 1, '2019-07-14 02:02:26.000000'),
(71, 'pbkdf2_sha256$150000$DtMP9F48TDFJ$88AEshvdr1+VvZu28vmRU50hSQkdhFnC8mXD8Q5O/Gc=', NULL, 0, 'btftiu18118', 'Nguyễn Giang Yến', 'Thơ', 'yentho.nguyengiang@gmail.com', 0, 1, '2019-07-14 02:02:26.000000'),
(72, 'pbkdf2_sha256$150000$DtMP9F48TDFJ$88AEshvdr1+VvZu28vmRU50hSQkdhFnC8mXD8Q5O/Gc=', NULL, 0, 'ceceiu13027', 'Nguyễn Đặng Quang', 'Thành', 'qthanh95@gmail.com', 0, 1, '2019-07-14 02:02:26.000000'),
(73, 'pbkdf2_sha256$150000$DtMP9F48TDFJ$88AEshvdr1+VvZu28vmRU50hSQkdhFnC8mXD8Q5O/Gc=', NULL, 0, 'ceceiu14034', 'Tôn Thất', 'Tùng', 'strikertzero@gmail.com', 0, 1, '2019-07-14 02:02:26.000000'),
(74, 'pbkdf2_sha256$150000$DtMP9F48TDFJ$88AEshvdr1+VvZu28vmRU50hSQkdhFnC8mXD8Q5O/Gc=', NULL, 0, 'ceceiu15015', 'Luong Quoc', 'Tan', 'tanlq1997@gmail.com', 0, 1, '2019-07-14 02:02:26.000000'),
(75, 'pbkdf2_sha256$150000$DtMP9F48TDFJ$88AEshvdr1+VvZu28vmRU50hSQkdhFnC8mXD8Q5O/Gc=', NULL, 0, 'ceceiu16052', 'Le Quang', 'Tu', 'LE2UANGTU@GMAIL.COM', 0, 1, '2019-07-14 02:02:26.000000'),
(76, 'pbkdf2_sha256$150000$DtMP9F48TDFJ$88AEshvdr1+VvZu28vmRU50hSQkdhFnC8mXD8Q5O/Gc=', NULL, 0, 'eeeeiu14045', 'Nguyễn Cảnh', 'Thịnh', 'canhthinh96@gmail.com', 0, 1, '2019-07-14 02:02:26.000000'),
(77, 'pbkdf2_sha256$150000$DtMP9F48TDFJ$88AEshvdr1+VvZu28vmRU50hSQkdhFnC8mXD8Q5O/Gc=', NULL, 0, 'eeeeiu15010', 'Duong Phuong', 'Duy', 'duyduong170396@gmail.com', 0, 1, '2019-07-14 02:02:26.000000'),
(78, 'pbkdf2_sha256$150000$DtMP9F48TDFJ$88AEshvdr1+VvZu28vmRU50hSQkdhFnC8mXD8Q5O/Gc=', NULL, 0, 'eeeeiu16008', 'Nguyễn Dương Quốc', 'Anh', 'hoasiq76@gmail.com', 0, 1, '2019-07-14 02:02:26.000000'),
(79, 'pbkdf2_sha256$150000$DtMP9F48TDFJ$88AEshvdr1+VvZu28vmRU50hSQkdhFnC8mXD8Q5O/Gc=', NULL, 0, 'eeeeiu16011', 'Nguyen Minh', 'Cuong', 'cuongnguyenminh186@gmail.com', 0, 1, '2019-07-14 02:02:26.000000'),
(80, 'pbkdf2_sha256$150000$DtMP9F48TDFJ$88AEshvdr1+VvZu28vmRU50hSQkdhFnC8mXD8Q5O/Gc=', NULL, 0, 'eeeerg17002', 'Nguyen Thanh', 'Phuong', 'mrcheng253@gmail.com', 0, 1, '2019-07-14 02:02:26.000000'),
(81, 'pbkdf2_sha256$150000$DtMP9F48TDFJ$88AEshvdr1+VvZu28vmRU50hSQkdhFnC8mXD8Q5O/Gc=', NULL, 0, 'eeeewe15001', 'Tran Anh', 'Khoa', 'akhoa159@gmail.com', 0, 1, '2019-07-14 02:02:26.000000'),
(82, 'pbkdf2_sha256$150000$DtMP9F48TDFJ$88AEshvdr1+VvZu28vmRU50hSQkdhFnC8mXD8Q5O/Gc=', NULL, 0, 'eeeiu13071', 'Hoang Huu', 'Thanh', 'ghgj', 0, 1, '2019-07-14 02:02:26.000000'),
(83, 'pbkdf2_sha256$150000$DtMP9F48TDFJ$88AEshvdr1+VvZu28vmRU50hSQkdhFnC8mXD8Q5O/Gc=', NULL, 0, 'eneniu17030', 'Đoàn Minh', 'Khôi', 'doanminhkhoi76@gmail.com', 0, 1, '2019-07-14 02:02:26.000000'),
(84, 'pbkdf2_sha256$150000$DtMP9F48TDFJ$88AEshvdr1+VvZu28vmRU50hSQkdhFnC8mXD8Q5O/Gc=', NULL, 0, 'ie17ex06', 'Joshua James', 'Blackwell', 'joshblackwell6@gmail.com', 0, 1, '2019-07-14 02:02:26.000000'),
(85, 'pbkdf2_sha256$150000$DtMP9F48TDFJ$88AEshvdr1+VvZu28vmRU50hSQkdhFnC8mXD8Q5O/Gc=', NULL, 0, 'ie18ex002', 'Naja Holst Bollerup', 'Jensen', 'najje16@student.sdu.dk', 0, 1, '2019-07-14 02:02:26.000000'),
(86, 'pbkdf2_sha256$150000$DtMP9F48TDFJ$88AEshvdr1+VvZu28vmRU50hSQkdhFnC8mXD8Q5O/Gc=', NULL, 0, 'ieieiu13014', 'Tran Thi Hong', 'Hanh', 'hanhtran1705@gmail.com', 0, 1, '2019-07-14 02:02:26.000000'),
(87, 'pbkdf2_sha256$150000$DtMP9F48TDFJ$88AEshvdr1+VvZu28vmRU50hSQkdhFnC8mXD8Q5O/Gc=', NULL, 0, 'ieieiu14001', 'Tran Tuan', 'Anh', 'tuananhtran143@gmail.com', 0, 1, '2019-07-14 02:02:26.000000'),
(88, 'pbkdf2_sha256$150000$DtMP9F48TDFJ$88AEshvdr1+VvZu28vmRU50hSQkdhFnC8mXD8Q5O/Gc=', NULL, 0, 'ieieiu1402', 'Lê Minh', 'Bảo', 'leminhbao2506@gmail.com', 0, 1, '2019-07-14 02:02:26.000000'),
(89, 'pbkdf2_sha256$150000$DtMP9F48TDFJ$88AEshvdr1+VvZu28vmRU50hSQkdhFnC8mXD8Q5O/Gc=', NULL, 0, 'ieieiu14033', 'Đỗ Minh', 'Quân', 'quando10896@gmail.com', 0, 1, '2019-07-14 02:02:26.000000'),
(90, 'pbkdf2_sha256$150000$DtMP9F48TDFJ$88AEshvdr1+VvZu28vmRU50hSQkdhFnC8mXD8Q5O/Gc=', NULL, 0, 'ieieiu14081', 'Nguyễn Thuỵ Thiện', 'Ý', 'nguyenthuythieny2301@gmail.com', 0, 1, '2019-07-14 02:02:26.000000'),
(91, 'pbkdf2_sha256$150000$DtMP9F48TDFJ$88AEshvdr1+VvZu28vmRU50hSQkdhFnC8mXD8Q5O/Gc=', NULL, 0, 'ieieiu14086', 'Nguyễn Nhật', 'Quang', 'ngnhatquangnth@gmail.com', 0, 1, '2019-07-14 02:02:26.000000'),
(92, 'pbkdf2_sha256$150000$DtMP9F48TDFJ$88AEshvdr1+VvZu28vmRU50hSQkdhFnC8mXD8Q5O/Gc=', NULL, 0, 'ieieiu15041', 'Nguyễn Văn Toại', 'Danh', 'sir.toaidanh@gmail.com', 0, 1, '2019-07-14 02:02:26.000000'),
(93, 'pbkdf2_sha256$150000$DtMP9F48TDFJ$88AEshvdr1+VvZu28vmRU50hSQkdhFnC8mXD8Q5O/Gc=', NULL, 0, 'ieieiu15043', 'Phạm Ngân', 'Hà', 'pnganha1996@gmail.com', 0, 1, '2019-07-14 02:02:26.000000'),
(94, 'pbkdf2_sha256$150000$DtMP9F48TDFJ$88AEshvdr1+VvZu28vmRU50hSQkdhFnC8mXD8Q5O/Gc=', NULL, 0, 'ieieiu15052', 'Tạ Nguyễn Minh', 'Châu', 'tanguyenminhchau@gmail.com', 0, 1, '2019-07-14 02:02:26.000000'),
(95, 'pbkdf2_sha256$150000$DtMP9F48TDFJ$88AEshvdr1+VvZu28vmRU50hSQkdhFnC8mXD8Q5O/Gc=', NULL, 0, 'ieieiu15075', 'Lê Thành', 'Nhân', 'lethanhnhan1997@gmail.com', 0, 1, '2019-07-14 02:02:26.000000'),
(96, 'pbkdf2_sha256$150000$DtMP9F48TDFJ$88AEshvdr1+VvZu28vmRU50hSQkdhFnC8mXD8Q5O/Gc=', NULL, 0, 'ieieiu16002', 'Phạm Nhật', 'Tân', 'IEIEIU16002@student.hcmiu.edu.vn', 0, 1, '2019-07-14 02:02:26.000000'),
(97, 'pbkdf2_sha256$150000$DtMP9F48TDFJ$88AEshvdr1+VvZu28vmRU50hSQkdhFnC8mXD8Q5O/Gc=', NULL, 0, 'ieieiu16022', 'Lại Thị Tường', 'Vy', 'laithituongvy98@gmail.com', 0, 1, '2019-07-14 02:02:26.000000'),
(98, 'pbkdf2_sha256$150000$DtMP9F48TDFJ$88AEshvdr1+VvZu28vmRU50hSQkdhFnC8mXD8Q5O/Gc=', NULL, 0, 'ieieiu17027', 'Đào Ngọc Lan', 'Nhi', 'lannhi11021999@gmail.com', 0, 1, '2019-07-14 02:02:26.000000'),
(99, 'pbkdf2_sha256$150000$DtMP9F48TDFJ$88AEshvdr1+VvZu28vmRU50hSQkdhFnC8mXD8Q5O/Gc=', NULL, 0, 'ieieu16005', 'Châu Tuấn', 'Cường', 'tuancuong0612@gmail.com', 0, 1, '2019-07-14 02:02:26.000000'),
(100, 'pbkdf2_sha256$150000$DtMP9F48TDFJ$88AEshvdr1+VvZu28vmRU50hSQkdhFnC8mXD8Q5O/Gc=', NULL, 0, 'ielsiu14112', 'Nguyen An Kim', 'Vy', 'ngankimvy1012@gmail.com', 0, 1, '2019-07-14 02:02:26.000000'),
(101, 'pbkdf2_sha256$150000$DtMP9F48TDFJ$88AEshvdr1+VvZu28vmRU50hSQkdhFnC8mXD8Q5O/Gc=', NULL, 0, 'ielsiu15008', 'Đặng Ngọc Thảo', 'Thy', 'dangngocthaothy3133@gmail.com', 0, 1, '2019-07-14 02:02:26.000000'),
(102, 'pbkdf2_sha256$150000$DtMP9F48TDFJ$88AEshvdr1+VvZu28vmRU50hSQkdhFnC8mXD8Q5O/Gc=', NULL, 0, 'ielsiu15047', 'Luong Thu', 'Trang', 'luongtrang2201@gmail.com', 0, 1, '2019-07-14 02:02:26.000000'),
(103, 'pbkdf2_sha256$150000$DtMP9F48TDFJ$88AEshvdr1+VvZu28vmRU50hSQkdhFnC8mXD8Q5O/Gc=', NULL, 0, 'ielsiu15052', 'Ngô Thu', 'Hằng', 'nthang.iseyu1@gmail.com', 0, 1, '2019-07-14 02:02:26.000000'),
(104, 'pbkdf2_sha256$150000$DtMP9F48TDFJ$88AEshvdr1+VvZu28vmRU50hSQkdhFnC8mXD8Q5O/Gc=', NULL, 0, 'ielsiu15062', 'Nguyễn Ngọc Huyền', 'Trâm', 'tramnguyen05031997@gmail.com', 0, 1, '2019-07-14 02:02:26.000000'),
(105, 'pbkdf2_sha256$150000$DtMP9F48TDFJ$88AEshvdr1+VvZu28vmRU50hSQkdhFnC8mXD8Q5O/Gc=', NULL, 0, 'ielsiu15100', 'Trần Hà Thanh', 'Vy', 'thvytranha97@gmail.com', 0, 1, '2019-07-14 02:02:26.000000'),
(106, 'pbkdf2_sha256$150000$DtMP9F48TDFJ$88AEshvdr1+VvZu28vmRU50hSQkdhFnC8mXD8Q5O/Gc=', NULL, 0, 'ielsiu16001', 'Thai Tri', 'Nhan', 'THAITRIN', 0, 1, '2019-07-14 02:02:26.000000'),
(107, 'pbkdf2_sha256$150000$DtMP9F48TDFJ$88AEshvdr1+VvZu28vmRU50hSQkdhFnC8mXD8Q5O/Gc=', NULL, 0, 'ielsiu16013', 'Trần Ngọc Thảo', 'Vân', 'tnthao.tran.121198@gmail.com', 0, 1, '2019-07-14 02:02:26.000000'),
(108, 'pbkdf2_sha256$150000$DtMP9F48TDFJ$88AEshvdr1+VvZu28vmRU50hSQkdhFnC8mXD8Q5O/Gc=', NULL, 0, 'ielsiu16075', 'Ngô Thanh', 'Ngân', 'IELSIU16075@student.hcmiu.edu.vn', 0, 1, '2019-07-14 02:02:26.000000'),
(109, 'pbkdf2_sha256$150000$DtMP9F48TDFJ$88AEshvdr1+VvZu28vmRU50hSQkdhFnC8mXD8Q5O/Gc=', NULL, 0, 'ielsiu16085', 'Tạ Lan', 'Phương', 'pnlan1998@gmail.com', 0, 1, '2019-07-14 02:02:26.000000'),
(110, 'pbkdf2_sha256$150000$DtMP9F48TDFJ$88AEshvdr1+VvZu28vmRU50hSQkdhFnC8mXD8Q5O/Gc=', NULL, 0, 'ielsiu16112', 'Duong Thi Kim', 'Tuyet', 'kimtuyet106@gmail.com', 0, 1, '2019-07-14 02:02:26.000000'),
(111, 'pbkdf2_sha256$150000$DtMP9F48TDFJ$88AEshvdr1+VvZu28vmRU50hSQkdhFnC8mXD8Q5O/Gc=', NULL, 0, 'ielsiu16117', 'Nguyễn Thị Ngọc', 'Anh', 'ngocanh.nt285@gmail.com', 0, 1, '2019-07-14 02:02:26.000000'),
(112, 'pbkdf2_sha256$150000$DtMP9F48TDFJ$88AEshvdr1+VvZu28vmRU50hSQkdhFnC8mXD8Q5O/Gc=', NULL, 0, 'ielsiu16121', 'Nguyễn Kim', 'Bôi', 'nguyenkimboi160698@gmail.com', 0, 1, '2019-07-14 02:02:26.000000'),
(113, 'pbkdf2_sha256$150000$DtMP9F48TDFJ$88AEshvdr1+VvZu28vmRU50hSQkdhFnC8mXD8Q5O/Gc=', NULL, 0, 'ielsiu17007', 'Huỳnh Ngọc', 'Quế', 'rebeccaw19799@gmail.com', 0, 1, '2019-07-14 02:02:26.000000'),
(114, 'pbkdf2_sha256$150000$DtMP9F48TDFJ$88AEshvdr1+VvZu28vmRU50hSQkdhFnC8mXD8Q5O/Gc=', NULL, 0, 'ielsiu17046', 'Mai Từ Ngọc', 'Anh', 'anh.maitungoc@gmail.com', 0, 1, '2019-07-14 02:02:26.000000'),
(115, 'pbkdf2_sha256$150000$DtMP9F48TDFJ$88AEshvdr1+VvZu28vmRU50hSQkdhFnC8mXD8Q5O/Gc=', NULL, 0, 'ielsiu17053', 'Hoàng Châu Khánh', 'Ly', 'hoangchaukhanhly@gmail.com', 0, 1, '2019-07-14 02:02:26.000000'),
(116, 'pbkdf2_sha256$150000$DtMP9F48TDFJ$88AEshvdr1+VvZu28vmRU50hSQkdhFnC8mXD8Q5O/Gc=', NULL, 0, 'ielsiu17054', 'Huỳnh Ngọc', 'Hải', 'tonyhuynh1999@gmail.com', 0, 1, '2019-07-14 02:02:26.000000'),
(117, 'pbkdf2_sha256$150000$DtMP9F48TDFJ$88AEshvdr1+VvZu28vmRU50hSQkdhFnC8mXD8Q5O/Gc=', NULL, 0, 'ielsiu17070', 'Nguyễn Trọng', 'Nghĩa', 'echx12345@gmail.com', 0, 1, '2019-07-14 02:02:26.000000'),
(118, 'pbkdf2_sha256$150000$DtMP9F48TDFJ$88AEshvdr1+VvZu28vmRU50hSQkdhFnC8mXD8Q5O/Gc=', NULL, 0, 'ielsiu17118', 'Lê Thị Kim', 'Thy', 'lekimthy.tl@gmail.com', 0, 1, '2019-07-14 02:02:26.000000'),
(119, 'pbkdf2_sha256$150000$DtMP9F48TDFJ$88AEshvdr1+VvZu28vmRU50hSQkdhFnC8mXD8Q5O/Gc=', NULL, 0, 'ititiu15050', 'Nguyễn Phạm Xuân', 'Thắng', 'thang181997@gmail.com', 0, 1, '2019-07-14 02:02:26.000000'),
(120, 'pbkdf2_sha256$150000$DtMP9F48TDFJ$88AEshvdr1+VvZu28vmRU50hSQkdhFnC8mXD8Q5O/Gc=', NULL, 0, 'ititiu16144', 'Nguyễn Thanh Xuân', 'Tùng', 'xuantung.1998@gmail.com', 0, 1, '2019-07-14 02:02:26.000000'),
(121, 'pbkdf2_sha256$150000$DtMP9F48TDFJ$88AEshvdr1+VvZu28vmRU50hSQkdhFnC8mXD8Q5O/Gc=', NULL, 0, 'ititrg16002', 'Hoang Duc', 'Anh', 'manyhope0502@gmail.com', 0, 1, '2019-07-14 02:02:26.000000'),
(122, 'pbkdf2_sha256$150000$DtMP9F48TDFJ$88AEshvdr1+VvZu28vmRU50hSQkdhFnC8mXD8Q5O/Gc=', NULL, 0, 'iu0346', 'Lâm Bình', 'Nguyên', 'lbnguyen@hcmiu.edu.vn', 0, 1, '2019-07-14 02:02:26.000000'),
(123, 'pbkdf2_sha256$150000$DtMP9F48TDFJ$88AEshvdr1+VvZu28vmRU50hSQkdhFnC8mXD8Q5O/Gc=', NULL, 0, 'iuls39', 'Nguyễn Thị Kim', 'Bình', 'ntkbinh@hcmiu.edu.vn', 0, 1, '2019-07-14 02:02:26.000000'),
(124, 'pbkdf2_sha256$150000$DtMP9F48TDFJ$88AEshvdr1+VvZu28vmRU50hSQkdhFnC8mXD8Q5O/Gc=', NULL, 0, 'mamaiu16062', 'Tran Vu Minh', 'Vy', 'daynho278@gmail.com', 0, 1, '2019-07-14 02:02:26.000000'),
(125, 'pbkdf2_sha256$150000$DtMP9F48TDFJ$88AEshvdr1+VvZu28vmRU50hSQkdhFnC8mXD8Q5O/Gc=', NULL, 0, 'mbaiu17019', 'Nguyễn Thị Thanh', 'Xuân', 'mbaiu17019@gmail.com', 0, 1, '2019-07-14 02:02:26.000000'),
(126, 'pbkdf2_sha256$150000$DtMP9F48TDFJ$88AEshvdr1+VvZu28vmRU50hSQkdhFnC8mXD8Q5O/Gc=', NULL, 0, 'pbaiu15003', 'Phan Thuỵ', 'Kiều', 'phanthuykieu2006@gmail.com', 0, 1, '2019-07-14 02:02:26.000000'),
(127, 'pbkdf2_sha256$150000$DtMP9F48TDFJ$88AEshvdr1+VvZu28vmRU50hSQkdhFnC8mXD8Q5O/Gc=', NULL, 0, 'seseiu17001', 'Trương Lê Gia', 'Bảo', 'truonglegiabao@gmail.com', 0, 1, '2019-07-14 02:02:26.000000'),
(128, 'pbkdf2_sha256$150000$DtMP9F48TDFJ$88AEshvdr1+VvZu28vmRU50hSQkdhFnC8mXD8Q5O/Gc=', NULL, 0, 'seseiu17007', 'Nguyễn', 'Xuân', 'xnsminspring@gmail.com', 0, 1, '2019-07-14 02:02:26.000000'),
(129, 'pbkdf2_sha256$150000$DtMP9F48TDFJ$88AEshvdr1+VvZu28vmRU50hSQkdhFnC8mXD8Q5O/Gc=', NULL, 0, 'seseiu17011', 'Nguyễn Thị Minh', 'Trang', 'ntmt2903@gmail.com', 0, 1, '2019-07-14 02:02:26.000000'),
(130, 'pbkdf2_sha256$150000$DtMP9F48TDFJ$88AEshvdr1+VvZu28vmRU50hSQkdhFnC8mXD8Q5O/Gc=', NULL, 0, 'ititiu15049', 'Anh', 'Nguyễn Ngọc Trâm', 'nntanh@student.hcmiu.edu.vn', 0, 1, '2019-07-14 18:07:46.388887'),
(131, 'pbkdf2_sha256$150000$DtMP9F48TDFJ$88AEshvdr1+VvZu28vmRU50hSQkdhFnC8mXD8Q5O/Gc=', NULL, 0, 'ititiu14103', 'Truong', 'LE', 'lesontruong@test.com', 0, 1, '2019-08-01 10:12:35.587981');

--
-- Dumping data for table `auth_user_groups`
--

INSERT INTO `auth_user_groups` (`id`, `user_id`, `group_id`) VALUES
(1, 1, 1),
(2, 2, 3),
(3, 3, 1),
(4, 4, 2),
(5, 5, 3),
(6, 6, 3),
(7, 7, 3),
(8, 8, 3),
(9, 9, 3),
(10, 10, 3),
(11, 11, 3),
(12, 12, 3),
(13, 13, 3),
(14, 14, 3),
(15, 15, 3),
(16, 16, 3),
(17, 17, 3),
(18, 18, 3),
(19, 19, 3),
(20, 20, 3),
(21, 21, 3),
(22, 22, 3),
(23, 23, 3),
(24, 24, 3),
(25, 25, 3),
(26, 26, 3),
(27, 27, 3),
(28, 28, 3),
(29, 29, 3),
(30, 30, 3),
(31, 31, 3),
(32, 32, 3),
(33, 33, 3),
(34, 34, 3),
(35, 35, 3),
(36, 36, 3),
(37, 37, 3),
(38, 38, 3),
(39, 39, 3),
(40, 40, 3),
(41, 41, 3),
(42, 42, 3),
(43, 43, 3),
(44, 44, 3),
(45, 45, 3),
(46, 46, 3),
(47, 47, 3),
(48, 48, 3),
(49, 49, 3),
(50, 50, 3),
(51, 51, 3),
(52, 52, 3),
(53, 53, 3),
(54, 54, 3),
(55, 55, 3),
(56, 56, 3),
(57, 57, 3),
(58, 58, 3),
(59, 59, 3),
(60, 60, 3),
(61, 61, 3),
(62, 62, 3),
(63, 63, 3),
(64, 64, 3),
(65, 65, 3),
(66, 66, 3),
(67, 67, 3),
(68, 68, 3),
(69, 69, 3),
(70, 70, 3),
(71, 71, 3),
(72, 72, 3),
(73, 73, 3),
(74, 74, 3),
(75, 75, 3),
(76, 76, 3),
(77, 77, 3),
(78, 78, 3),
(79, 79, 3),
(80, 80, 3),
(81, 81, 3),
(82, 82, 3),
(83, 83, 3),
(84, 84, 3),
(85, 85, 3),
(86, 86, 3),
(87, 87, 3),
(88, 88, 3),
(89, 89, 3),
(90, 90, 3),
(91, 91, 3),
(92, 92, 3),
(93, 93, 3),
(94, 94, 3),
(95, 95, 3),
(96, 96, 3),
(97, 97, 3),
(98, 98, 3),
(99, 99, 3),
(100, 100, 3),
(101, 101, 3),
(102, 102, 3),
(103, 103, 3),
(104, 104, 3),
(105, 105, 3),
(106, 106, 3),
(107, 107, 3),
(108, 108, 3),
(109, 109, 3),
(110, 110, 3),
(111, 111, 3),
(112, 112, 3),
(113, 113, 3),
(114, 114, 3),
(115, 115, 3),
(116, 116, 3),
(117, 117, 3),
(118, 118, 3),
(119, 119, 3),
(120, 120, 3),
(121, 121, 3),
(122, 122, 3),
(123, 123, 3),
(124, 124, 3),
(125, 125, 3),
(126, 126, 3),
(127, 127, 3),
(128, 128, 3),
(129, 129, 3);

--
-- Dumping data for table `auth_group_permissions`
--

INSERT INTO `auth_group_permissions` (`id`, `group_id`, `permission_id`) VALUES
(1, 1, 5),
(2, 1, 6),
(3, 1, 7),
(4, 1, 8),
(5, 1, 9),
(6, 1, 10),
(7, 1, 11),
(8, 1, 12),
(9, 1, 13),
(10, 1, 14),
(11, 1, 15),
(12, 1, 16),
(13, 1, 25),
(14, 1, 26),
(15, 1, 27),
(16, 1, 28),
(17, 1, 29),
(18, 1, 30),
(19, 1, 31),
(20, 1, 32),
(21, 1, 33),
(22, 1, 34),
(23, 1, 35),
(24, 1, 36),
(25, 1, 37),
(26, 1, 38),
(27, 1, 39),
(28, 1, 40),
(29, 1, 41),
(30, 1, 42),
(31, 1, 43),
(32, 1, 44),
(33, 1, 45),
(34, 1, 46),
(35, 1, 47),
(36, 1, 48),
(37, 1, 49),
(38, 1, 50),
(39, 1, 51),
(40, 1, 52),
(41, 1, 53),
(42, 1, 54),
(43, 1, 55),
(44, 1, 56),
(45, 1, 57),
(46, 1, 58),
(47, 1, 59),
(48, 1, 60),
(49, 1, 61),
(55, 2, 13),
(56, 2, 14),
(50, 2, 41),
(51, 2, 42),
(52, 2, 43),
(53, 2, 44),
(54, 2, 45),
(57, 2, 46),
(63, 2, 47),
(64, 2, 48),
(58, 2, 49),
(59, 2, 50),
(60, 2, 51),
(61, 2, 52),
(62, 2, 53),
(65, 2, 54),
(66, 2, 55);