--
-- Dumping data for table `title`
--

INSERT INTO `title` (`id`, `name`, `faculty`, `location`, `year`, `isbn`, `status`, `week_price`, `sem_price`, `created_time`, `updated_time`, `ori_quantity`, `rating`, `image`) VALUES
(1, 'A guide to the project management body of knowledge - 4th ed.', 'ISE', '  ', '2008', '  123', 0, 25000, 100000, '2010-04-18 00:00:00.000000', '2019-07-30 18:04:30.593658', 39, '3.00', '/static/images/book_image_2019-07-30 18:04:30.593144.jpg'),
(2, 'Advanced Methods of Structural Analysis', 'CE', NULL, '2010', NULL, 1, 25000, 100000, '2010-04-18 00:00:00.000000', '2010-04-18 00:00:00.000000', 19, '3.00', NULL),
(3, 'Advances in Drug Discovery Techniques', 'BT', NULL, '1998', NULL, 1, 25000, 100000, '2010-04-18 00:00:00.000000', '2010-04-18 00:00:00.000000', 15, '0.00', NULL),
(4, 'Analysis of investment & management of portfolios - 10th ed.', 'BA, FN', NULL, '2012', NULL, 1, 19341.5, 77366, '2010-04-18 00:00:00.000000', '2010-04-18 00:00:00.000000', 14, '0.00', NULL),
(5, 'Aquaculture: Farming Aquatic Animals and Plants, 2nd ed.', 'BT', NULL, '2011', NULL, 1, 18028.5, 72114, '2010-04-18 00:00:00.000000', '2010-04-18 00:00:00.000000', 15, '0.00', NULL),
(6, 'Architecture: Form, space and order 3rd ed.', 'CE', NULL, '2007', NULL, 1, 12221, 48884, '2010-04-18 00:00:00.000000', '2010-04-18 00:00:00.000000', 19, '3.00', NULL),
(7, 'Auditing and Assurance Services: A Systematic Approach, 9th ed.', 'BA, FN', NULL, '2012', NULL, 1, 25000, 100000, '2010-04-18 00:00:00.000000', '2010-04-18 00:00:00.000000', 14, '4.20', NULL),
(8, 'Bioinformatics for High Throughput Sequencing', 'BT', NULL, '2012', NULL, 1, 25000, 100000, '2010-04-18 00:00:00.000000', '2010-04-18 00:00:00.000000', 15, '0.00', NULL),
(9, 'Biosignal and Biomedical Image Processing, 2nd ed.', 'BME', NULL, '2009', NULL, 1, 25000, 100000, '2010-04-18 00:00:00.000000', '2010-04-18 00:00:00.000000', 15, '0.00', NULL),
(10, 'Building an Import / Export Business, 4th ed.', 'BA', NULL, '2008', NULL, 1, 8408.25, 33633, '2010-04-18 00:00:00.000000', '2010-04-18 00:00:00.000000', 15, '0.00', NULL),
(11, 'Business Analysis and Valuation: Using Financial Statements, Text and Cases, 4th ed.', 'BA', NULL, '2008', NULL, 1, 25000, 100000, '2010-04-18 00:00:00.000000', '2010-04-18 00:00:00.000000', 13, '0.00', NULL),
(12, 'Business Ethics: a real world approach', 'BA', '', '2012', '', 1, 11716, 46864, '2010-04-18 00:00:00.000000', '2019-07-30 18:05:30.244428', 15, '6.80', '/static/images/book_image_2019-07-30 18:05:30.243392.jpg'),
(13, 'Business Market Management: Understanding, Creating, and Delivering Value, 3rd ed. PIE', 'BA', NULL, '2009', NULL, 1, 25000, 100000, '2010-04-18 00:00:00.000000', '2010-04-18 00:00:00.000000', 2, '0.00', NULL),
(14, 'Business Research Methods, 11th ed.', 'BA', NULL, '2011', NULL, 1, 16084.2, 64337, '2010-04-18 00:00:00.000000', '2010-04-18 00:00:00.000000', 11, '6.95', NULL),
(15, 'Cell Biology, 7th ed.', 'BT', '', '2010', '', 1, 20275.8, 81103, '2010-04-18 00:00:00.000000', '2019-07-30 17:44:47.721962', 14, '8.92', '/static/images/book_image_2019-07-30 17:44:47.720284.jpg'),
(16, 'Chemistry for Engineers: An Applied Approach', 'BT', NULL, '2007', NULL, 1, 21285.8, 85143, '2010-04-18 00:00:00.000000', '2010-04-18 00:00:00.000000', 15, '6.09', NULL),
(17, 'Commercial Banking: The Management of Risk 3rd ed.', 'BA', NULL, '2005', NULL, 1, 16614.5, 66458, '2010-04-18 00:00:00.000000', '2010-04-18 00:00:00.000000', 15, '0.00', NULL),
(18, 'Computer Networking: A Top-Down Approach, 5th ed.', 'EE', NULL, '2010', NULL, 1, 16008.5, 64034, '2010-04-18 00:00:00.000000', '2010-04-18 00:00:00.000000', 13, '3.00', NULL),
(19, 'Computer organization and design, 4th ed.', 'EE', NULL, '2009', NULL, 1, 11741.2, 46965, '2010-04-18 00:00:00.000000', '2010-04-18 00:00:00.000000', 44, '0.00', NULL),
(20, 'Consumer Behavior: Buying, Having, and Being (11th Edition) PIE', 'BA', NULL, '2014', NULL, 1, 18735.5, 74942, '2010-04-18 00:00:00.000000', '2010-04-18 00:00:00.000000', 2, '6.98', NULL),
(21, 'Corporate Finance (Asia Adaptation) 1E', 'BA, FN', '', '2015', '', 1, 17372, 69488, '2010-04-18 00:00:00.000000', '2019-07-30 18:05:55.083773', 12, '8.63', '/static/images/book_image_2019-07-30 18:05:55.081580.jpg'),
(22, 'Credit analysis and lending management', 'BA, FN', NULL, '2013', NULL, 1, 25000, 100000, '2010-04-18 00:00:00.000000', '2010-04-18 00:00:00.000000', 15, '0.00', NULL),
(23, 'Critical Thinking: A Student of Introduction, 4th ed.', 'ISE', '', '2011', '', 1, 14948, 59792, '2010-04-18 00:00:00.000000', '2019-07-30 18:00:53.833912', 9, '6.64', '/static/images/book_image_2019-07-30 18:00:53.828533.jpg'),
(24, 'Data Communications and Networking, 4th ed.', 'EE', NULL, '2007', NULL, 1, 14872.2, 59489, '2010-04-18 00:00:00.000000', '2010-04-18 00:00:00.000000', 3, '5.00', NULL),
(25, 'Database System Concepts, 6th ed.', 'ISE', NULL, '2011', NULL, 1, 15377.2, 61509, '2010-04-18 00:00:00.000000', '2010-04-18 00:00:00.000000', 29, '0.00', NULL),
(26, 'Design and Analysis of Experiments, 7th ed.', 'ISE', NULL, '2013', NULL, 1, 13887.5, 55550, '2010-04-18 00:00:00.000000', '2010-04-18 00:00:00.000000', 5, '0.00', NULL),
(27, 'Digital Marketing:Strategy, Implementation and Practice, 5th ed.', 'BA', NULL, '2012', NULL, 1, 25000, 100000, '2010-04-18 00:00:00.000000', '2010-04-18 00:00:00.000000', 19, '5.48', NULL),
(28, 'Discrete-Event System Simulation - 5th ed.', 'ISE', '', '2010', '', 1, 20553.5, 82214, '2010-04-18 00:00:00.000000', '2019-07-30 18:36:31.842930', 1, '10.00', '/static/images/book_image_2019-07-30 18:36:31.840962.jpg'),
(29, 'Dynamics of Structures: Theory and applications to earthquake engineering, 4th ed.', 'CE', NULL, '2012', NULL, 1, 25000, 100000, '2010-04-18 00:00:00.000000', '2010-04-18 00:00:00.000000', 19, '3.00', NULL),
(30, 'Electric circuits, 9th ed.', 'EE', NULL, '2011', NULL, 1, 15453, 61812, '2010-04-18 00:00:00.000000', '2010-04-18 00:00:00.000000', 49, '5.94', NULL),
(31, 'Elements of engineering electromagnetics, 6th ed.', 'EE', NULL, '2004', NULL, 1, 25000, 100000, '2010-04-18 00:00:00.000000', '2010-04-18 00:00:00.000000', 41, '8.74', NULL),
(32, 'E-Logistics and E-supply chain management: Applications for evolving business', 'ISE', NULL, '2013', NULL, 1, 25000, 100000, '2010-04-18 00:00:00.000000', '2010-04-18 00:00:00.000000', 15, '0.00', NULL),
(33, 'Engineering Drawing', 'ISE', NULL, '2008', NULL, 1, 5681.25, 22725, '2010-04-18 00:00:00.000000', '2010-04-18 00:00:00.000000', 5, '0.00', NULL),
(34, 'Engineering Economy, 14th ed.', 'ISE', NULL, '2012', NULL, 1, 15276.2, 61105, '2010-04-18 00:00:00.000000', '2010-04-18 00:00:00.000000', 1, '7.51', NULL),
(35, 'Engineering Mechanics Vol.1 - Statics, 6th ed.', 'CE', NULL, '2008', NULL, 1, 15983.2, 63933, '2010-04-18 00:00:00.000000', '2010-04-18 00:00:00.000000', 13, '0.00', NULL),
(36, 'Entrepreneurship and small firms, 6th ed.', 'ISE', NULL, '2012', NULL, 1, 25000, 100000, '2010-04-18 00:00:00.000000', '2010-04-18 00:00:00.000000', 6, '0.00', NULL),
(37, 'Essentials of Services Marketing, 2nd ed.', 'BA', NULL, '2012', NULL, 1, 14720.8, 58883, '2010-04-18 00:00:00.000000', '2010-04-18 00:00:00.000000', 9, '0.00', NULL),
(38, 'Facilities Planning, 4th edition', 'ISE', '', '2010', '', 1, 15276.2, 61105, '2010-04-18 00:00:00.000000', '2019-07-30 19:02:48.005393', 7, '9.27', '/static/images/book_image_2019-07-30 19:02:48.003412.jpg'),
(39, 'Factory physics - 3rd ed.', 'ISE', NULL, '2011', NULL, 1, 25000, 100000, '2010-04-18 00:00:00.000000', '2010-04-18 00:00:00.000000', 3, '0.00', NULL),
(40, 'Financial Accouting, 14 th ed.', 'BA', NULL, '2010', NULL, 1, 14468.2, 57873, '2010-04-18 00:00:00.000000', '2010-04-18 00:00:00.000000', 10, '3.00', NULL),
(41, 'Financial Institutions Management: A Risk Management Approach, 8th ed.', 'BA, FN', '', '2014', '', 1, 15831.8, 63327, '2010-04-18 00:00:00.000000', '2019-07-30 17:59:54.220322', 15, '5.72', '/static/images/book_image_2019-07-30 17:59:54.217565.jpg'),
(42, 'Financial Markets and Institutions, 7th ed', 'BA', '', '2012', '', 1, 14342, 57368, '2010-04-18 00:00:00.000000', '2019-07-30 19:05:58.858203', 15, '9.22', '/static/images/book_image_2019-07-30 19:05:58.857666.jpg'),
(43, 'Financial Reporting and Analysis, 6th ed.', 'BA, FN', NULL, '2015', NULL, 1, 25000, 100000, '2010-04-18 00:00:00.000000', '2010-04-18 00:00:00.000000', 14, '4.50', NULL),
(44, 'Fish Disease: Diagnosis and Treatment, 2nd ed.', 'BT', NULL, '2010', NULL, 1, 22674.5, 90698, '2010-04-18 00:00:00.000000', '2010-04-18 00:00:00.000000', 16, '0.00', NULL),
(45, 'Food Analysis, 4th ed.', 'BT', NULL, '2010', NULL, 1, 25000, 100000, '2010-04-18 00:00:00.000000', '2010-04-18 00:00:00.000000', 15, '0.00', NULL),
(46, 'Food Microbiology: A Laboratory Manual', 'BT', NULL, '2003', NULL, 1, 13054.2, 52217, '2010-04-18 00:00:00.000000', '2010-04-18 00:00:00.000000', 15, '0.00', NULL),
(47, 'Food Packaging: Principles and Practice, 2nd ed.', 'BT', NULL, '2006', NULL, 1, 25000, 100000, '2010-04-18 00:00:00.000000', '2010-04-18 00:00:00.000000', 15, '0.00', NULL),
(48, 'Food product development', 'BT', NULL, '2009', NULL, 1, 25000, 100000, '2010-04-18 00:00:00.000000', '2010-04-18 00:00:00.000000', 15, '3.00', NULL),
(49, 'Fundamentals of  Human Resource Management, 4th ed.', 'BA', NULL, '2011', NULL, 1, 13382.5, 53530, '2010-04-18 00:00:00.000000', '2010-04-18 00:00:00.000000', 12, '0.00', NULL),
(50, 'Fundamentals of Corporate Finance, 7th ed.', 'BA, FN', '', '2012', '', 1, 16437.8, 65751, '2010-04-18 00:00:00.000000', '2019-07-30 18:02:12.173095', 11, '3.85', '/static/images/book_image_2019-07-30 18:02:12.172536.jpg'),
(51, 'Fundamentals of Molecular Diagnostics', 'BT', NULL, '2007', NULL, 1, 24896.5, 99586, '2010-04-18 00:00:00.000000', '2010-04-18 00:00:00.000000', 15, '0.00', NULL),
(52, 'Gene Cloning and DNA Analysis: An Introduction 6th ed.', 'BT', NULL, '2010', NULL, 1, 20275.8, 81103, '2010-04-18 00:00:00.000000', '2010-04-18 00:00:00.000000', 15, '0.00', NULL),
(53, 'Integrated circuit design, 4th ed.', 'EE', NULL, '2011', NULL, 1, 16488.2, 65953, '2010-04-18 00:00:00.000000', '2010-04-18 00:00:00.000000', 4, '0.00', NULL),
(54, 'International business: An Asian perpective', 'BA', NULL, '2012', NULL, 1, 17776, 71104, '2010-04-18 00:00:00.000000', '2010-04-18 00:00:00.000000', 14, '5.25', NULL),
(55, 'International corporate finance 11th ed.', 'BA', '', '2012', '', 1, 15655, 62620, '2010-04-18 00:00:00.000000', '2019-07-30 18:34:59.662749', 12, '8.52', '/static/images/book_image_2019-07-30 18:34:59.661908.jpg'),
(56, 'Introduction to Derivatives and Risk Management, 9th ed with ebook', 'BA, FN', '', '2013', '', 1, 18634.5, 74538, '2010-04-18 00:00:00.000000', '2019-07-30 18:35:45.295056', 14, '6.94', '/static/images/book_image_2019-07-30 18:35:45.292650.jpg'),
(57, 'Introduction to entrepreneurship, 8th ed.', 'BA', NULL, '2009', NULL, 1, 17675, 70700, '2010-04-18 00:00:00.000000', '2010-04-18 00:00:00.000000', 14, '0.00', NULL),
(58, 'Introduction to Food Engineering, 4th ed.', 'BT', '', '2009', '', 1, 20149.5, 80598, '2010-04-18 00:00:00.000000', '2019-07-30 19:07:30.666526', 14, '8.88', '/static/images/book_image_2019-07-30 19:07:30.664641.jpg'),
(59, 'Introduction to Hydrology 5th ed.', 'CE', NULL, '2012', NULL, 1, 23381.5, 93526, '2010-04-18 00:00:00.000000', '2010-04-18 00:00:00.000000', 20, '4.50', NULL),
(60, 'Introduction to limnology - 1st ed.', 'BT', NULL, '2005', NULL, 1, 25000, 100000, '2010-04-18 00:00:00.000000', '2010-04-18 00:00:00.000000', 15, '0.00', NULL),
(61, 'Introduction to MATLAB for Engineers - 3rd ed.', 'ISE', NULL, '2012', NULL, 1, 25000, 100000, '2010-04-18 00:00:00.000000', '2010-04-18 00:00:00.000000', 1, '3.77', NULL),
(62, 'Introduction to Operations Research, 9th ed.', 'ISE', NULL, '2005', NULL, 1, 15377.2, 61509, '2010-04-18 00:00:00.000000', '2010-04-18 00:00:00.000000', 12, '0.00', NULL),
(63, 'Introduction to Probability and Statistics for Engineers and Scientist, 4th ed.', 'ISE', '', '2009', '', 1, 21639.2, 86557, '2010-04-18 00:00:00.000000', '2019-07-30 18:01:10.412360', 23, '8.68', '/static/images/book_image_2019-07-30 18:01:10.411426.jpg'),
(64, 'Introduction to Probability Models', 'ISE', NULL, '2010', NULL, 1, 20149.5, 80598, '2010-04-18 00:00:00.000000', '2010-04-18 00:00:00.000000', 1, '8.08', NULL),
(65, 'Introduction to probability models : operations research. Volume 2', 'ISE', NULL, '2004', NULL, 1, 25000, 100000, '2010-04-18 00:00:00.000000', '2010-04-18 00:00:00.000000', 5, '0.00', NULL),
(66, 'Introduction to Psychology. 9th ed.', 'BA', NULL, '2011', NULL, 1, 20048.5, 80194, '2010-04-18 00:00:00.000000', '2010-04-18 00:00:00.000000', 13, '5.33', NULL),
(67, 'Introduction to time series analysis and forecasting', 'ISE', NULL, '2008', NULL, 1, 25000, 100000, '2010-04-18 00:00:00.000000', '2010-04-18 00:00:00.000000', 14, '0.00', NULL),
(68, 'Investment Banking: Valuation, Leveraged Buyouts, and Mergers & Acquisitions, 2nd ed.', 'BA, FN', NULL, '2013', NULL, 1, 19695, 78780, '2010-04-18 00:00:00.000000', '2010-04-18 00:00:00.000000', 14, '0.00', NULL),
(69, 'Java: How to Program, 9th ed.', 'IT', NULL, '2012', NULL, 1, 16564, 66256, '2010-04-18 00:00:00.000000', '2010-04-18 00:00:00.000000', 15, '8.00', NULL),
(70, 'Leadership: Theory and Practice 6th ed.', 'ISE', NULL, '2013', NULL, 1, 19063.8, 76255, '2010-04-18 00:00:00.000000', '2010-04-18 00:00:00.000000', 1, '0.00', NULL),
(71, 'Linear systems and signals,  2nd ed.', 'EE', NULL, '2010', NULL, 1, 19063.8, 76255, '2010-04-18 00:00:00.000000', '2010-04-18 00:00:00.000000', 34, '0.00', NULL),
(72, 'Management the new workplace, 7th ed.', 'BA', NULL, '2008', NULL, 1, 21008, 84032, '2010-04-18 00:00:00.000000', '2010-04-18 00:00:00.000000', 14, '0.00', NULL),
(73, 'Managerial Accouting: Tools for Decision Making, 5th ed.', 'BA', NULL, '2010', NULL, 1, 13786.5, 55146, '2010-04-18 00:00:00.000000', '2010-04-18 00:00:00.000000', 13, '0.00', NULL),
(74, 'Managerial Economics: Economic Tools for Today Decision Maker, 6th ed.', 'BA', NULL, '2009', NULL, 1, 13155.2, 52621, '2010-04-18 00:00:00.000000', '2010-04-18 00:00:00.000000', 3, '7.80', NULL),
(75, 'Managing human resources: Human resource management in transition, 5th ed.', 'BA', NULL, '2013', NULL, 1, 25000, 100000, '2010-04-18 00:00:00.000000', '2010-04-18 00:00:00.000000', 10, '0.00', NULL),
(76, 'Materials for Civil and Construction Engineers, 3rd ed.', 'CE', NULL, '2011', NULL, 1, 13609.8, 54439, '2010-04-18 00:00:00.000000', '2010-04-18 00:00:00.000000', 19, '0.00', NULL),
(77, 'Materials handling: Principles and practice', 'ISE', NULL, '1984', NULL, 1, 25000, 100000, '2010-04-18 00:00:00.000000', '2010-04-18 00:00:00.000000', 16, '0.00', NULL),
(78, 'Medical Instrumentation: Application and Design, 4th ed.', 'BME', NULL, '2010', NULL, 1, 14342, 57368, '2010-04-18 00:00:00.000000', '2010-04-18 00:00:00.000000', 14, '0.00', NULL),
(79, 'Medical Microbiology', 'BT', NULL, '2005', NULL, 1, 21386.8, 85547, '2010-04-18 00:00:00.000000', '2010-04-18 00:00:00.000000', 14, '0.00', NULL),
(80, 'Microelectronic Circuits, 6th ed.', 'EE', NULL, '2011', NULL, 1, 14619.8, 58479, '2010-04-18 00:00:00.000000', '2010-04-18 00:00:00.000000', 34, '0.00', NULL),
(81, 'Modern Food Microbiology, 7th ed.', 'BT', '', '2005', '', 1, 24341, 97364, '2010-04-18 00:00:00.000000', '2019-07-30 19:08:15.027028', 15, '9.60', '/static/images/book_image_2019-07-30 19:08:15.025990.jpg'),
(82, 'Multinational business finance', 'BA, FN', NULL, '2010', NULL, 1, 14000, 56000, '2010-04-18 00:00:00.000000', '2010-04-18 00:00:00.000000', 1, '4.50', NULL),
(83, 'Networks and discrete location: Models, Algorithms and Applications, 2nd ed.', 'ISE', NULL, '2013', NULL, 1, 15049, 60196, '2010-04-18 00:00:00.000000', '2010-04-18 00:00:00.000000', 16, '0.00', NULL),
(84, 'New Product Management, 11th ed.', 'BA', NULL, '2011', NULL, 1, 15453, 61812, '2010-04-18 00:00:00.000000', '2010-04-18 00:00:00.000000', 14, '0.00', NULL),
(85, 'Next Generation Sequencing and Whole Genome Selection in Aquaculture', 'BT', NULL, '2011', NULL, 1, 25000, 100000, '2010-04-18 00:00:00.000000', '2010-04-18 00:00:00.000000', 15, '0.00', NULL),
(86, 'Nutrition and Feeding of Fish and Crustaceans', 'BT', NULL, '2001', NULL, 1, 25000, 100000, '2010-04-18 00:00:00.000000', '2010-04-18 00:00:00.000000', 15, '0.00', NULL),
(87, 'Operating Systems: Internals and Design Principles, 7th ed.', 'IT', NULL, '2012', NULL, 1, 13231, 52924, '2010-04-18 00:00:00.000000', '2010-04-18 00:00:00.000000', 6, '9.00', NULL),
(88, 'Operations Management 11E PIE', 'BA', '', '2014', '', 1, 18281, 73124, '2010-04-18 00:00:00.000000', '2019-07-30 18:01:43.274186', 10, '7.67', '/static/images/book_image_2019-07-30 18:01:43.272203.jpg'),
(89, 'Operations Research Applications and Algorithms, 4th ed.', 'ISE', NULL, '2004', NULL, 1, 25000, 100000, '2010-04-18 00:00:00.000000', '2010-04-18 00:00:00.000000', 5, '0.00', NULL),
(90, 'Optimization in Operations Research - Pearson new international ed.', 'ISE', NULL, '2014', NULL, 1, 25000, 100000, '2010-04-18 00:00:00.000000', '2010-04-18 00:00:00.000000', 5, '0.00', NULL),
(91, 'Organic Chemistry, 7th ed.', 'BT', NULL, '2010', NULL, 1, 16564, 66256, '2010-04-18 00:00:00.000000', '2010-04-18 00:00:00.000000', 11, '6.68', NULL),
(92, 'Pharmaceutical Biotechnology: Concepts and Applications', 'BT', NULL, '2007', NULL, 1, 13231, 52924, '2010-04-18 00:00:00.000000', '2010-04-18 00:00:00.000000', 15, '0.00', NULL),
(93, 'Pharmaceutical Biotechnology: Drug Discovery and Clinical Applications', 'BT', NULL, '2004', NULL, 1, 25000, 100000, '2010-04-18 00:00:00.000000', '2010-04-18 00:00:00.000000', 15, '0.00', NULL),
(94, 'PIC Microcontroller and embedded systems : Using assembly and C for PIC18', 'EE', NULL, '2008', NULL, 1, 17043.8, 68175, '2010-04-18 00:00:00.000000', '2010-04-18 00:00:00.000000', 10, '0.00', NULL),
(95, 'Planning and scheduling in manufacturing and services, 2nd ed.', 'ISE', NULL, '2009', NULL, 1, 25000, 100000, '2010-04-18 00:00:00.000000', '2010-04-18 00:00:00.000000', 6, '0.00', NULL),
(96, 'Principles of banking - 11th ed.', 'BA, FN', NULL, '2014', NULL, 1, 25000, 100000, '2010-04-18 00:00:00.000000', '2010-04-18 00:00:00.000000', 14, '0.00', NULL),
(97, 'Principles of Economics 6th ed.', 'BA', '', '2012', '', 1, 25000, 100000, '2010-04-18 00:00:00.000000', '2019-07-30 18:00:37.177086', 15, '6.07', '/static/images/book_image_2019-07-30 18:00:37.176101.jpg'),
(98, 'Principles of foundation engineering - 7th ed.', 'CE', NULL, '2011', NULL, 1, 16892.2, 67569, '2010-04-18 00:00:00.000000', '2010-04-18 00:00:00.000000', 17, '3.00', NULL),
(99, 'Principles of geotechnical engineering, 7th ed.', 'CE', NULL, '2010', NULL, 1, 16892.2, 67569, '2010-04-18 00:00:00.000000', '2010-04-18 00:00:00.000000', 18, '0.00', NULL),
(100, 'Principles of Marketing 15th edPIE', 'BA', '', '2012', '', 1, 16538.8, 66155, '2010-04-18 00:00:00.000000', '2019-07-30 17:59:08.498308', 1, '5.17', '/static/images/book_image_2019-07-30 17:59:08.492762.jpg'),
(101, 'Principles of physics, 9th ed.', 'PH', NULL, '2011', NULL, 1, 13786.5, 55146, '2010-04-18 00:00:00.000000', '2010-04-18 00:00:00.000000', 10, '8.95', NULL),
(102, 'Principles of Risk Management and Insurance, 11 th ed.', 'BA', NULL, '2011', NULL, 1, 12675.5, 50702, '2010-04-18 00:00:00.000000', '2010-04-18 00:00:00.000000', 14, '6.25', NULL),
(103, 'Principles of Taxation for Business and Investment Planning, 2015 Edition', 'BA, FN', NULL, '2015', NULL, 1, 25000, 100000, '2010-04-18 00:00:00.000000', '2010-04-18 00:00:00.000000', 14, '7.98', NULL),
(104, 'Product Design and Development, 5th ed.', 'ISE', NULL, '2012', NULL, 1, 9898, 39592, '2010-04-18 00:00:00.000000', '2010-04-18 00:00:00.000000', 11, '6.33', NULL),
(105, 'Production and operations analysis : Strategy, quality, analytics, application - 7th ed.', 'ISE', NULL, '2015', NULL, 1, 25000, 100000, '2010-04-18 00:00:00.000000', '2010-04-18 00:00:00.000000', 5, '0.00', NULL),
(106, 'Project Management: A Managerial Approach 8th ed.', 'BA', NULL, '2012', NULL, 1, 13054.2, 52217, '2010-04-18 00:00:00.000000', '2010-04-18 00:00:00.000000', 13, '8.54', NULL),
(107, 'Project management: Processes, methodologies and economics - 2nd ed.', 'BA', '', '2005', '', 1, 23962.2, 95849, '2010-04-18 00:00:00.000000', '2019-07-30 18:06:13.742963', 44, '7.25', '/static/images/book_image_2019-07-30 18:06:13.741965.jpg'),
(108, 'Project Management: The managerial process, 5th ed.', 'BA', '', '2011', '', 1, 14872.2, 59489, '2010-04-18 00:00:00.000000', '2019-07-30 18:05:07.696326', 15, '0.00', '/static/images/book_image_2019-07-30 18:05:07.694786.jpg'),
(109, 'Protein Engineering For Industrial Biotechnology', 'BT', NULL, '2000', NULL, 1, 25000, 100000, '2010-04-18 00:00:00.000000', '2010-04-18 00:00:00.000000', 1, '0.00', NULL),
(110, 'Quantitative analysis for management, 11 th ed.', 'BA', NULL, '2012', NULL, 1, 16286.2, 65145, '2010-04-18 00:00:00.000000', '2010-04-18 00:00:00.000000', 11, '0.00', NULL),
(111, 'Reinforced concrete design to Eurocode 2, 7th ed.', 'CE', NULL, '2012', NULL, 1, 15023.8, 60095, '2010-04-18 00:00:00.000000', '2010-04-18 00:00:00.000000', 20, '0.00', NULL),
(112, 'Retailing Management - 9th ed.', 'ISE', NULL, '2014', NULL, 1, 25000, 100000, '2010-04-18 00:00:00.000000', '2010-04-18 00:00:00.000000', 6, '6.09', NULL),
(113, 'Sales Management: concepts and cases, 10th ed.', 'BA', '', '2010', '', 1, 14342, 57368, '2010-04-18 00:00:00.000000', '2019-07-30 19:12:49.757923', 15, '9.05', '/static/images/book_image_2019-07-30 19:12:49.757370.jpg'),
(114, 'Scheduling : theory, algorithms, and systems, 5th ed.', 'ISE', NULL, '2015', NULL, 1, 25000, 100000, '2010-04-18 00:00:00.000000', '2010-04-18 00:00:00.000000', 5, '0.00', NULL),
(115, 'Simulation modeling and analysis - 5th ed.', 'ISE', NULL, '2015', NULL, 1, 25000, 100000, '2010-04-18 00:00:00.000000', '2010-04-18 00:00:00.000000', 3, '0.00', NULL),
(116, 'Sociology: A Brief Introduction, 9th ed.', 'BA', '', '2011', '', 1, 14872.2, 59489, '2010-04-18 00:00:00.000000', '2019-07-30 18:40:03.155822', 13, '8.16', '/static/images/book_image_2019-07-30 18:40:03.153833.jpg'),
(117, 'Software Engineering, 9th ed.', 'IT', NULL, '2011', NULL, 1, 17599.2, 70397, '2010-04-18 00:00:00.000000', '2010-04-18 00:00:00.000000', 14, '0.00', NULL),
(118, 'Statics and mechanics of materials - 3rd ed.', 'CE', NULL, '2011', NULL, 1, 14998.5, 59994, '2010-04-18 00:00:00.000000', '2010-04-18 00:00:00.000000', 5, '0.00', NULL),
(119, 'Strategic brand management :', 'BA', '', '2013', '', 1, 22500, 90000, '2010-04-18 00:00:00.000000', '2019-07-30 19:30:34.613142', 14, '9.45', '/static/images/book_image_2019-07-30 19:30:34.609911.jpg'),
(120, 'Supply Chain Management: An Introduction to logistics, 2nd ed.', 'ISE', '', '2009', '', 1, 25000, 100000, '2010-04-18 00:00:00.000000', '2019-07-30 18:38:32.054863', 29, '7.90', '/static/images/book_image_2019-07-30 18:38:32.054271.jpg'),
(121, 'Supply Chain Management:\r\n Strategy, Planning, And Operation, 5th ed.', 'ISE', NULL, '2013', NULL, 1, 13256.2, 53025, '2010-04-18 00:00:00.000000', '2010-04-18 00:00:00.000000', 7, '4.50', NULL),
(122, 'Supply chain risk management: ulnerability and resilience in logistics, 2nd ed.', 'ISE', NULL, '2011', NULL, 1, 25000, 100000, '2010-04-18 00:00:00.000000', '2010-04-18 00:00:00.000000', 15, '0.00', NULL),
(123, 'Supply chain structures: Coordination, Information and Optimization', 'ISE', NULL, '2002', NULL, 1, 25000, 100000, '2010-04-18 00:00:00.000000', '2010-04-18 00:00:00.000000', 15, '0.00', NULL),
(124, 'Sustainable logistics and supply chain management: Principles and practices for sustainable operations and management', 'ISE', NULL, '2013', NULL, 1, 25000, 100000, '2010-04-18 00:00:00.000000', '2010-04-18 00:00:00.000000', 15, '0.00', NULL),
(125, 'Systems Analysis and Design, 8th ed.', 'ISE', NULL, '2011', NULL, 1, 14670.2, 58681, '2010-04-18 00:00:00.000000', '2010-04-18 00:00:00.000000', 14, '0.00', NULL),
(126, 'The behaviour and design of steel structures to EC3, 4th ed.', 'CE', NULL, '2008', NULL, 1, 25000, 100000, '2010-04-18 00:00:00.000000', '2010-04-18 00:00:00.000000', 20, '0.00', NULL),
(127, 'The Physiology of Fishes, 3rd ed.', 'BT', NULL, '2006', NULL, 1, 25000, 100000, '2010-04-18 00:00:00.000000', '2010-04-18 00:00:00.000000', 15, '0.00', NULL),
(128, 'Tools of radio astronomy, 6th ed.', 'PH', NULL, '2013', NULL, 1, 25000, 100000, '2010-04-18 00:00:00.000000', '2010-04-18 00:00:00.000000', 1, '0.00', NULL),
(129, 'Toyota Production System: An Integrated Approach to Just-In-Time, 4th Edition', 'ISE', NULL, '2012', NULL, 1, 25000, 100000, '2010-04-18 00:00:00.000000', '2010-04-18 00:00:00.000000', 9, '9.13', NULL),
(130, 'Understanding Business, 9 th ed.', 'BA', '', '2010', '', 1, 14872.2, 59489, '2010-04-18 00:00:00.000000', '2019-07-30 18:41:38.767788', 5, '6.88', '/static/images/book_image_2019-07-30 18:41:38.765579.jpg'),
(131, 'Warehousing in the global supply chain', 'ISE', NULL, '2012', NULL, 1, 0, 0, '2010-04-18 00:00:00.000000', '2010-04-18 00:00:00.000000', 14, '0.00', NULL),
(132, 'Wastewater Engineering: Treatment and reuse 4th ed.', 'BT', NULL, '2004', NULL, 1, 14468.2, 57873, '2010-04-18 00:00:00.000000', '2010-04-18 00:00:00.000000', 11, '0.00', NULL),
(133, 'Water Supply and Sewerage, 6th ed.', 'CE', NULL, '1991', NULL, 1, 13887.5, 55550, '2010-04-18 00:00:00.000000', '2010-04-18 00:00:00.000000', 20, '5.78', NULL),
(134, 'Work Systems: The Methods, Measurement & Management of Work, PIE', 'ISE', NULL, '2007', NULL, 1, 23331, 93324, '2010-04-18 00:00:00.000000', '2010-04-18 00:00:00.000000', 33, '0.00', NULL),
(135, 'Working capital management : applications and cases', 'BA', NULL, '2014', NULL, 1, 25000, 100000, '2010-04-18 00:00:00.000000', '2010-04-18 00:00:00.000000', 15, '0.00', NULL),
(136, 'Corporate governance: Principles, policies and practices, 3rd ed.', 'BA', NULL, '2015', NULL, 1, 25000, 100000, '2010-04-18 00:00:00.000000', '2010-04-18 00:00:00.000000', 10, '0.00', NULL),
(137, 'E-commerce : business, technology, society, 12th ed.', 'BA', '', '2016', '', 1, 23525, 94100, '2010-04-18 00:00:00.000000', '2019-07-30 19:31:18.556333', 5, '10.00', '/static/images/book_image_2019-07-30 19:31:18.555644.jpg'),
(138, 'Environmental economics: an introduction, 7th ed.', 'BA', NULL, '2013', NULL, 1, 23200, 92800, '2010-04-18 00:00:00.000000', '2010-04-18 00:00:00.000000', 15, '0.00', NULL),
(139, 'International human resource management,6th ed.', 'BA', NULL, '2013', NULL, 1, 23275, 93100, '2010-04-18 00:00:00.000000', '2010-04-18 00:00:00.000000', 5, '0.00', NULL),
(140, 'Marketing strategy: A decision focused approach, 8th ed.', 'BA', NULL, '2014', NULL, 1, 24500, 98, '2010-04-18 00:00:00.000000', '2010-04-18 00:00:00.000000', 10, '4.30', NULL),
(141, 'Natural resource and environmental economics', 'BA', NULL, '2011', NULL, 1, 24225, 96900, '2010-04-18 00:00:00.000000', '2010-04-18 00:00:00.000000', 13, '0.00', NULL),
(142, 'Studying leadership : traditional &​ critical approaches', 'BA', NULL, '2014', NULL, 1, 23400, 93600, '2010-04-18 00:00:00.000000', '2010-04-18 00:00:00.000000', 15, '3.00', NULL),
(143, 'Strategic brand management : building, measuring, and managing brand equity, 4th ed.', 'BA', '', '2013', '', 1, 21100, 84000, '2010-04-18 00:00:00.000000', '2019-07-30 19:30:46.022883', 15, '7.00', '/static/images/book_image_2019-07-30 19:30:46.022276.jpg'),
(144, 'Intermediate accounting, 16 th ed.', 'BA', NULL, '2016', NULL, 1, 25000, 100000, '2010-04-18 00:00:00.000000', '2010-04-18 00:00:00.000000', 0, '0.00', NULL),
(145, 'Biomedical signal and image processing, 2d ed', 'BME', NULL, '2012', NULL, 1, 25000, 100000, '2010-04-18 00:00:00.000000', '2010-04-18 00:00:00.000000', 0, '0.00', NULL),
(146, 'Leadership communication, 4th ed.', 'BA', NULL, '2014', NULL, 1, 22850, 91400, '2010-04-18 00:00:00.000000', '2010-04-18 00:00:00.000000', 10, '0.00', NULL),
(147, 'Global Leadership : Research, Practice, and Development, 2nd ed.', 'BA', NULL, '2013', NULL, 1, 25000, 100000, '2010-04-18 00:00:00.000000', '2010-04-18 00:00:00.000000', 10, '0.00', NULL),
(148, 'International human resource management,6th ed.', 'BA', NULL, '2013', NULL, 1, 23275, 93100, '2010-04-18 00:00:00.000000', '2010-04-18 00:00:00.000000', 10, '0.00', NULL),
(149, 'Leadership : theory and practice, 7th ed.', 'BA', NULL, '2016', NULL, 1, 25000, 100000, '2010-04-18 00:00:00.000000', '2010-04-18 00:00:00.000000', 10, '3.00', NULL),
(150, 'Sustainable operations and supply chain management', 'ISE', NULL, '2017', NULL, 1, 25000, 100000, '2010-04-18 00:00:00.000000', '2010-04-18 00:00:00.000000', 12, '3.00', NULL),
(151, 'Information technology for managers, 2nd ed.', 'BA', NULL, '2016', NULL, 1, 25000, 100000, '2010-04-18 00:00:00.000000', '2010-04-18 00:00:00.000000', 12, '0.00', NULL),
(152, 'An introduction to derivatives and risk management, 10th ed.', 'BA', NULL, '2016', NULL, 1, 25000, 100000, '2010-04-18 00:00:00.000000', '2010-04-18 00:00:00.000000', 12, '6.75', NULL),
(153, 'InGenius : a crash course on creativity ', 'ISE', NULL, '2012', NULL, 1, 8875, 35000, '2010-04-18 00:00:00.000000', '2010-04-18 00:00:00.000000', 5, '0.00', NULL),
(154, 'Mathematical Methods for Engineers and Scientists 1:  Complex Analysis, Determinants and Matrices', 'PHYSI', NULL, '2007', NULL, 1, 25000, 100000, '2010-04-18 00:00:00.000000', '2010-04-18 00:00:00.000000', 2, '0.00', NULL),
(155, 'Physics of the space environment', 'PHYSI', NULL, '2004', NULL, 1, 25000, 100000, '2010-04-18 00:00:00.000000', '2010-04-18 00:00:00.000000', 1, '3.00', NULL),
(156, 'Sparks of genius : the thirteen thinking tools of the world most creative people', 'ISE', NULL, '1999', NULL, 1, 12950, 51800, '2010-04-18 00:00:00.000000', '2010-04-18 00:00:00.000000', 5, '0.00', NULL),
(157, 'E-logistics : managing your digital supply chains for competitive advantage', 'ISE', NULL, '2016', NULL, 1, 25000, 100000, '2010-04-18 00:00:00.000000', '2010-04-18 00:00:00.000000', 15, '7.33', NULL),
(158, 'Digital image processing, 4th ed.', 'PHYSI', NULL, '2018', NULL, 1, 25000, 100000, '2010-04-18 00:00:00.000000', '2010-04-18 00:00:00.000000', 2, '0.00', NULL),
(159, 'Elementary differential equations and boundary value problems', 'PHYSI', NULL, '2017', NULL, 1, 25000, 100000, '2010-04-18 00:00:00.000000', '2010-04-18 00:00:00.000000', 1, '0.00', NULL),
(160, 'Fundamentals of photonics, 2nd ed.', 'PHYSI', NULL, '2007', NULL, 1, 25000, 100000, '2010-04-18 00:00:00.000000', '2010-04-18 00:00:00.000000', 1, '0.00', NULL),
(161, 'Q : skills for success. Listening and speaking. 4, 2nd ed.', 'ENGLISH', NULL, '2015', NULL, 1, 11250, 45000, '2010-04-18 00:00:00.000000', '2010-04-18 00:00:00.000000', 2, '0.00', NULL),
(162, 'Q : skills for success. Listening and speaking. 5, 2nd ed.', 'ENGLISH', '', '2015', '', 1, 11250, 45000, '2010-04-18 00:00:00.000000', '2019-07-30 19:33:01.212281', 2, '10.00', '/static/images/book_image_2019-07-30 19:33:01.209895.jpg'),
(163, 'Accounting, 26th ed.', 'BA', '', '2016', '', 1, 25000, 100000, '2010-04-18 00:00:00.000000', '2019-07-30 19:34:54.715646', 12, '8.94', '/static/images/book_image_2019-07-30 19:34:54.713540.jpg'),
(164, 'Marketing channels : a management view, 8th ed.', 'BA', NULL, '2013', NULL, 1, 25000, 100000, '2010-04-18 00:00:00.000000', '2010-04-18 00:00:00.000000', 2, '7.25', NULL),
(165, 'Export-import theory, practice, and procedures, 3rd ed.', 'ISE', NULL, '2014', NULL, 1, 25000, 100000, '2010-04-18 00:00:00.000000', '2010-04-18 00:00:00.000000', 2, '0.00', NULL);

--
-- Dumping data for table `author`
--

INSERT INTO `author` (`id`, `name`) VALUES
(1, 'Abraham Silberschatz'),
(2, 'Adel S. Sedra'),
(3, 'Agrawal Basant'),
(4, 'Ahmed E. Yousef'),
(5, 'Ahmed Yousef'),
(6, 'Alan L. Harvey'),
(7, 'Alberto Grando'),
(8, 'Alexander Trautims'),
(9, 'Allan M. Anderson'),
(10, 'Allen D. Engle'),
(11, 'Ana M. Aransay'),
(12, 'Andrew Ghillyer'),
(13, 'Anil K. Chopra'),
(14, 'Anthony Saunders'),
(15, 'Arthur I. Stonehill'),
(16, 'Aswath Damodaran'),
(17, 'Averill M. Law'),
(18, 'Avraham Shtub'),
(19, 'B. P. Lathi'),
(20, 'B.E.A. Saleh'),
(21, 'Barry C. Field'),
(22, 'Barry Gerhart'),
(23, 'Barry L. Nelson'),
(24, 'Barry Render'),
(25, 'BarryGerhart'),
(26, 'Barton A. Weitz'),
(27, 'Behrouz A. Forouzan'),
(28, 'Belay Seyoum'),
(29, 'Benton E. Gup'),
(30, 'Bert Rosenbloom'),
(31, 'Bill Mosley'),
(32, 'Bob Tricker'),
(33, 'Bradfurd M.A.'),
(34, 'Braja M. Das'),
(35, 'Brealey'),
(36, 'C. Anthony Di Benedetto'),
(37, 'C. Merle Crawford'),
(38, 'C.P. Koelling'),
(39, 'Carl A. Burtis PhD'),
(40, 'Carl S. Warren'),
(41, 'Carol Guercio Traver'),
(42, 'Carolyn Carlstrom'),
(43, 'Charles W. L Hill'),
(44, 'Chee Yew Wong'),
(45, 'Cheryl L. Jennings'),
(46, 'Chow-Hou Wee'),
(47, 'Christopher Lovelock'),
(48, 'Clifford Gray'),
(49, 'Collins'),
(50, 'Das Narayandas'),
(51, 'Dave Chaffey'),
(52, 'David A. Golden'),
(53, 'David A. Patterson'),
(54, 'David B. Grant'),
(55, 'David D. Yao'),
(56, 'David Deakins'),
(57, 'David E. Bruns'),
(58, 'David H. Evans'),
(59, 'David Halliday'),
(60, '​David K. Eiteman'),
(61, 'David M. Nicol'),
(62, 'David Maddison'),
(63, 'David Money Harris'),
(64, 'Deborah J Barrett'),
(65, 'Dennis R. Heldman'),
(66, 'Deryn Graham'),
(67, 'Dhruv Grewal'),
(68, 'Dimitris Folinas'),
(69, 'Don M. Chance'),
(70, 'Donald E. Kieso'),
(71, 'Donald F. Kuratko'),
(72, 'Donald R. Cooper'),
(73, 'Donald Waters'),
(74, 'Doris Schedlitzki'),
(75, 'Dorothy Marcic'),
(76, 'Douglas B. Meade'),
(77, 'Douglas C. Montgomery'),
(78, 'Douglas F. Prawitt'),
(79, 'E.M. Wicks'),
(80, 'Edward J. Noga'),
(81, 'Edward R. Ashwood'),
(82, 'Erik Larson'),
(83, 'F. Kayser'),
(84, 'Fiona Ellis-Chadwick'),
(85, 'Francis D.K. Ching'),
(86, 'Frank K. Reilly'),
(87, 'Franklin L Burton'),
(88, 'Frederick Mishkin'),
(89, 'Gareth Edwards'),
(90, 'Gary Armstrong'),
(91, 'Gary L. Lewis'),
(92, 'Gary Walsh'),
(93, 'George E. Rejda'),
(94, 'George Tchobanoglous'),
(95, 'George W. Reynolds'),
(96, 'Gerald Karp'),
(97, 'Gordon L. Robertson'),
(98, 'Gregory Bassham'),
(99, 'Haig Kouyoumdjian'),
(100, 'Henry F. Korth'),
(101, 'Henry Nardone'),
(102, 'Hiller'),
(103, 'Ian Sommerville'),
(104, 'Igor A. Karnovsky'),
(105, 'Ioannis Manikas'),
(106, 'J. Eckert'),
(107, 'J. M. A. Tanchoco'),
(108, 'J. Watson'),
(109, 'J.L. Meriam'),
(110, 'Jack R. Meredith'),
(111, 'Jame A. Tompkins'),
(112, 'James A. Narus'),
(113, 'James B. Claiborne'),
(114, 'James Bartle'),
(115, 'James C. Anderson'),
(116, 'James F. Kurose'),
(117, 'James M. Jay'),
(118, 'James M. Reeve'),
(119, 'James McGilvray'),
(120, 'James S. Sagner'),
(121, 'James W. Kolari'),
(122, 'James W. Nilsson'),
(123, 'James Wallace'),
(124, 'Jan Williams'),
(125, 'Jay Heizer'),
(126, 'Jean Guillaume'),
(127, 'Jearl Walker'),
(128, 'Jeff Madura'),
(129, 'Jerry Banks'),
(130, 'Jerry J. Weygandt'),
(131, 'Jing-Sheng Song'),
(132, 'Jochen Wirtz'),
(133, 'John A. White'),
(134, 'John L. Hennessy'),
(135, 'John L. Semmlow'),
(136, 'John P. Zaniewski'),
(137, 'John R.Hollenbeck'),
(138, 'John S Carson'),
(139, 'John S. Lucas'),
(140, 'John W. Mullins'),
(141, 'Jon G. Webster'),
(142, 'Jonathan F. Bard'),
(143, 'Joseph Carcello'),
(144, 'Joshua Pearl'),
(145, 'Joshua Rosenbaum'),
(146, 'K. Bienz'),
(147, 'K.T. Tang'),
(148, 'Karl Ulrich'),
(149, 'Kayvan Najarian'),
(150, 'Keith W. Ross'),
(151, 'Kendall'),
(152, 'Kenneth C. Laudon'),
(153, 'Kenneth C. Smith'),
(154, 'Kenneth D. Weiss'),
(155, 'Kevin Johnston'),
(156, 'Kevin Lane Keller'),
(157, 'Krishna G. Palepu'),
(158, 'Krishna Udayasankar'),
(159, 'Kristen Rohlfs'),
(160, 'L.G. Kraige'),
(161, 'Leroy G. Wade'),
(162, 'Lieberman'),
(163, 'Lilia Alberghina'),
(164, 'M.C. Teich'),
(165, 'Marcia Millon Cornett'),
(166, 'Marcus'),
(167, 'Marion Festing'),
(168, 'Mark Bettner'),
(169, 'Mark E Mendenhall'),
(170, 'Mark Freel'),
(171, 'Mark L. Spearman'),
(172, 'Mark S. Daskin'),
(173, 'Martha K.Field'),
(174, 'Martin J. Loessner'),
(175, 'Martin R. Edwards'),
(176, 'Mary Earle'),
(177, 'Mary Jane Shultz'),
(178, 'Michael Common'),
(179, 'Michael E. Hanna'),
(180, 'Michael H. Moffett'),
(181, 'Michael Hackenberg'),
(182, 'Michael L. Pinedo'),
(183, 'Michael L. Pineido'),
(184, 'Michael Levy'),
(185, 'Michael R. Solomon'),
(186, 'Michael S. Mamlouk'),
(187, 'Mikell P. Groover'),
(188, 'Milind Sathye'),
(189, 'Muhammad Ali Mazidi'),
(190, 'Murat Kulahci'),
(191, 'Myers'),
(192, 'N. Gregory Mankiw'),
(193, 'Naiara Rodríguez-Ezpeleta'),
(194, 'Nannapaneni Narayana Rao'),
(195, 'Neil H.E. Weste'),
(196, 'Olga Lebed'),
(197, 'Oliver Kayser'),
(198, 'Orville C. Walker'),
(199, 'Pamela S. Schindler'),
(200, 'Patricia Chew'),
(201, 'Patrick M.Wright'),
(202, 'Paul C. Southgate'),
(203, 'Paul D. Kimmel'),
(204, 'Paul G.Keat'),
(205, 'Paul J. Deitel'),
(206, 'Paul M. Healy'),
(207, 'Peter G. Northouse'),
(208, 'Peter J. Dowling'),
(209, 'Peter Meindl'),
(210, 'Philip K.Y. Young'),
(211, 'Philip Kotler'),
(212, 'Pierre Bergot'),
(213, 'Project management Institute'),
(214, 'R. Paul Singh'),
(215, 'R. Zinkernagel'),
(216, 'R.C. Hibbeler'),
(217, 'Rafael C. Gonzalez'),
(218, 'Rainer H. Miller'),
(219, 'Ralph M. Stair'),
(220, 'Randolph Westerfield'),
(221, 'Raymond A. Noe'),
(222, 'Raymond Boffey'),
(223, 'Revsine'),
(224, 'Riccardo Manzini'),
(225, 'Richard C. Diprima'),
(226, 'Richard E. Woods'),
(227, 'Richard L. Daft'),
(228, 'Richard L. Earle'),
(229, 'Richard Mayer'),
(230, 'Richard T. Schaefer'),
(231, 'Robert Brooks'),
(232, 'Robert Freire'),
(233, 'Robert Metailler'),
(234, 'Robert Resnick'),
(235, 'Robert Scott'),
(236, 'Robert Splinter'),
(237, 'Rod Plotnik'),
(238, 'Roger Perman'),
(239, 'Rolin D. McKinlay'),
(240, 'Ronald L. Rardin'),
(241, 'Root-Bernstein'),
(242, 'S. Sudarshan'),
(243, 'S. Suzanne Nielsen'),
(244, 'S.C. Fan'),
(245, 'Sadasivam Kaushik'),
(246, 'Sally M.Jones'),
(247, 'Samuel J. Mantel'),
(248, 'Sheldon M. Ross'),
(249, 'Shelley C. Rhoades-Catanach'),
(250, 'Shlomo Globerson'),
(251, 'Stanley Dodson'),
(252, 'Stanley Eakins'),
(253, 'Stephen A. Ross'),
(254, 'Stephen Bach'),
(255, 'Steve Pettit'),
(256, 'Steve Pettit.'),
(257, 'Steven Eppinger'),
(258, 'Steven M. Glover'),
(259, 'Steven Nahmias'),
(260, 'Sue Haka'),
(261, 'Sunil Chopra'),
(262, 'Susan Earle Carlin'),
(263, 'Susan Riedel'),
(264, 'Susanne Huettemeister'),
(265, 'T. A. Brown'),
(266, 'Tamara Jones'),
(267, 'Tamas I. Gombosi'),
(268, 'Tava Lennon Olsen'),
(269, 'Terence J. McGhee'),
(270, 'Terry D. Warfield'),
(271, 'Theodore H. Allegri'),
(272, 'Thomas E. Decarlo'),
(273, 'Thomas L. Wilson'),
(274, 'Tina Seelig'),
(275, 'Tranair N. S.'),
(276, 'Valeria Belvedere'),
(277, 'W.G. Sullivan'),
(278, 'Wallace J. Hopp'),
(279, 'Warren Viessman'),
(280, 'Wayne L. Winston'),
(281, 'William E. Boyce'),
(282, 'William F. Messier'),
(283, 'William G. Nickels'),
(284, 'William Irwin'),
(285, 'William J. Palm'),
(286, 'William L. Cron'),
(287, 'William Stallings'),
(288, 'Yasuhiro Monden'),
(289, 'Yavuz A. Bozer'),
(290, 'Yingli Wang'),
(291, 'Yue Ma'),
(292, 'Zhanjiang (John) Liu'),
(293, 'Jonathan E. Duchac');

--
-- Dumping data for table `publisher`
--

INSERT INTO `publisher` (`id`, `name`) VALUES
(1, 'Academic Press'),
(2, 'American Bankers Association'),
(3, 'Amsterdam'),
(4, 'Australia'),
(5, 'Boston'),
(6, 'Cengage Learning'),
(7, 'CRC Press'),
(8, 'Elsevier'),
(9, 'England Routledge'),
(10, 'Florida'),
(11, 'Harwood Academic Publishers'),
(12, 'Hershey'),
(13, 'Houghton Mifflin'),
(14, 'Illinois Waveland Press'),
(15, 'John Wiley & Sons'),
(16, 'London'),
(17, 'Los Angeles SAGE'),
(18, 'McGraw Hill'),
(19, 'New Delhi'),
(20, 'New Jersey'),
(21, 'New York'),
(22, 'Oxford University Press'),
(23, 'Palgrave'),
(24, 'Pearson'),
(25, 'Pearson Addison Wesley'),
(26, 'Pearson Education Limited'),
(27, 'Pearson Education South Asia Pte Ltd.'),
(28, 'Pearson Education, Inc.'),
(29, 'Pearson Prentice Hall'),
(30, 'Prentice Hall'),
(31, 'Project Management Institute, Inc.'),
(32, 'SAGE'),
(33, 'Sages'),
(34, 'Singapore'),
(35, 'South-Western Cengage Learning'),
(36, 'Springer'),
(37, 'Taylor & Francis'),
(38, 'Thieme'),
(39, 'VIC Tilde Publishing and Distribution'),
(40, 'Waveland Press'),
(41, 'Wiley'),
(42, 'Wiley &​ Sons'),
(43, 'Wiley- Blackwell');

INSERT INTO `title_author` (`id`, `title_id`, `author_id`) VALUES
(1, 1, 213),
(2, 2, 104),
(3, 2, 196),
(4, 3, 6),
(5, 4, 86),
(6, 5, 139),
(7, 5, 202),
(8, 6, 85),
(11, 7, 78),
(10, 7, 258),
(9, 7, 282),
(14, 8, 11),
(13, 8, 181),
(12, 8, 193),
(15, 9, 135),
(16, 10, 154),
(18, 11, 16),
(17, 11, 157),
(19, 12, 12),
(21, 13, 50),
(20, 13, 115),
(22, 14, 72),
(23, 14, 199),
(24, 15, 96),
(25, 16, 177),
(27, 17, 29),
(26, 17, 121),
(28, 18, 116),
(29, 18, 150),
(30, 19, 53),
(31, 19, 134),
(32, 20, 185),
(34, 21, 220),
(33, 21, 253),
(36, 22, 114),
(35, 22, 188),
(37, 22, 222),
(38, 23, 98),
(40, 23, 101),
(41, 23, 123),
(39, 23, 284),
(42, 24, 27),
(43, 25, 1),
(44, 25, 100),
(45, 25, 242),
(46, 26, 77),
(47, 27, 51),
(48, 27, 84),
(49, 27, 155),
(50, 27, 229),
(53, 28, 23),
(54, 28, 61),
(51, 28, 129),
(52, 28, 138),
(55, 29, 13),
(56, 30, 122),
(57, 30, 263),
(58, 31, 194),
(59, 32, 66),
(61, 32, 68),
(60, 32, 105),
(62, 33, 3),
(65, 34, 38),
(64, 34, 79),
(63, 34, 277),
(66, 35, 109),
(67, 35, 160),
(68, 36, 56),
(69, 36, 170),
(72, 37, 47),
(70, 37, 132),
(71, 37, 200),
(76, 38, 107),
(73, 38, 111),
(74, 38, 133),
(75, 38, 289),
(78, 39, 171),
(77, 39, 278),
(79, 40, 124),
(82, 40, 143),
(81, 40, 168),
(80, 40, 260),
(83, 41, 14),
(84, 41, 165),
(85, 42, 88),
(86, 42, 252),
(88, 43, 49),
(87, 43, 223),
(89, 44, 80),
(90, 45, 243),
(91, 46, 4),
(93, 46, 5),
(92, 46, 42),
(94, 47, 97),
(97, 48, 9),
(95, 48, 176),
(96, 48, 228),
(100, 49, 25),
(99, 49, 137),
(101, 49, 201),
(98, 49, 221),
(102, 50, 35),
(104, 50, 166),
(103, 50, 191),
(107, 51, 39),
(105, 51, 57),
(106, 51, 81),
(108, 52, 265),
(110, 53, 63),
(109, 53, 195),
(111, 54, 43),
(112, 54, 46),
(113, 54, 158),
(114, 55, 128),
(115, 56, 69),
(116, 56, 231),
(117, 57, 71),
(119, 58, 65),
(118, 58, 214),
(121, 59, 91),
(120, 59, 279),
(122, 60, 251),
(123, 61, 285),
(124, 62, 102),
(125, 62, 162),
(126, 63, 248),
(127, 64, 248),
(128, 65, 280),
(130, 66, 99),
(129, 66, 237),
(132, 67, 45),
(131, 67, 77),
(133, 67, 190),
(135, 68, 144),
(134, 68, 145),
(136, 69, 205),
(137, 70, 207),
(138, 71, 19),
(140, 72, 75),
(139, 72, 227),
(142, 73, 70),
(141, 73, 130),
(143, 73, 203),
(144, 74, 204),
(145, 74, 210),
(147, 75, 175),
(146, 75, 254),
(149, 76, 136),
(148, 76, 186),
(150, 77, 271),
(151, 78, 141),
(152, 79, 83),
(154, 79, 106),
(153, 79, 146),
(155, 79, 215),
(156, 80, 2),
(157, 80, 153),
(160, 81, 52),
(158, 81, 117),
(159, 81, 174),
(162, 82, 15),
(161, 82, 60),
(163, 82, 180),
(164, 83, 172),
(166, 84, 36),
(165, 84, 37),
(167, 85, 292),
(172, 86, 108),
(168, 86, 126),
(170, 86, 212),
(171, 86, 233),
(169, 86, 245),
(173, 87, 287),
(175, 88, 24),
(174, 88, 125),
(176, 89, 280),
(177, 90, 240),
(178, 91, 161),
(179, 92, 92),
(180, 93, 197),
(181, 93, 218),
(182, 94, 189),
(183, 94, 239),
(184, 95, 183),
(185, 97, 192),
(186, 98, 34),
(187, 99, 34),
(189, 100, 90),
(188, 100, 211),
(190, 101, 59),
(192, 101, 127),
(191, 101, 234),
(193, 102, 93),
(194, 103, 246),
(195, 103, 249),
(196, 104, 148),
(197, 104, 257),
(198, 105, 259),
(199, 105, 268),
(200, 106, 110),
(201, 106, 247),
(202, 107, 18),
(203, 107, 142),
(204, 107, 250),
(206, 108, 48),
(205, 108, 82),
(207, 109, 163),
(208, 110, 24),
(210, 110, 179),
(209, 110, 219),
(211, 111, 31),
(213, 112, 26),
(214, 112, 67),
(212, 112, 184),
(216, 113, 272),
(215, 113, 286),
(217, 114, 182),
(218, 115, 17),
(219, 116, 230),
(220, 117, 103),
(221, 118, 216),
(222, 118, 244),
(223, 119, 156),
(224, 120, 73),
(226, 121, 209),
(225, 121, 261),
(227, 122, 73),
(229, 123, 55),
(228, 123, 131),
(231, 124, 8),
(232, 124, 44),
(230, 124, 54),
(233, 125, 151),
(235, 126, 33),
(234, 126, 275),
(236, 127, 58),
(237, 127, 113),
(239, 128, 159),
(240, 128, 264),
(238, 128, 273),
(241, 129, 288),
(242, 130, 283),
(243, 131, 224),
(245, 132, 87),
(244, 132, 94),
(246, 133, 269),
(247, 134, 187),
(248, 135, 120),
(249, 136, 32),
(251, 137, 41),
(250, 137, 152),
(252, 138, 21),
(253, 138, 173),
(256, 139, 10),
(255, 139, 167),
(254, 139, 208),
(258, 140, 140),
(257, 140, 198),
(262, 141, 62),
(263, 141, 119),
(261, 141, 178),
(259, 141, 238),
(260, 141, 291),
(264, 142, 74),
(265, 142, 89),
(266, 143, 156),
(267, 144, 70),
(268, 144, 130),
(269, 144, 270),
(270, 145, 149),
(271, 145, 236),
(272, 146, 64),
(273, 147, 169),
(276, 148, 10),
(275, 148, 167),
(274, 148, 208),
(277, 149, 207),
(279, 150, 7),
(278, 150, 276),
(280, 151, 95),
(281, 152, 69),
(282, 152, 231),
(283, 153, 274),
(284, 154, 147),
(285, 155, 267),
(286, 156, 235),
(287, 156, 241),
(289, 157, 255),
(288, 157, 290),
(290, 158, 217),
(291, 158, 226),
(294, 159, 76),
(293, 159, 225),
(292, 159, 281),
(295, 160, 20),
(296, 160, 164),
(297, 161, 232),
(298, 161, 266),
(299, 162, 262),
(300, 163, 40),
(301, 163, 118),
(302, 163, 293),
(303, 164, 30),
(304, 165, 28);

--
-- Dumping data for table `title_publisher`
--

INSERT INTO `title_publisher` (`id`, `title_id`, `publisher_id`) VALUES
(1, 1, 31),
(2, 2, 36),
(3, 3, 15),
(4, 4, 35),
(5, 5, 15),
(6, 6, 15),
(7, 7, 18),
(8, 8, 36),
(9, 9, 7),
(10, 10, 42),
(11, 11, 35),
(12, 12, 18),
(13, 13, 26),
(14, 14, 34),
(15, 15, 21),
(16, 16, 13),
(17, 17, 41),
(18, 18, 28),
(19, 19, 8),
(20, 20, 26),
(21, 21, 18),
(22, 22, 39),
(23, 23, 30),
(24, 24, 18),
(25, 25, 18),
(26, 26, 14),
(27, 27, 24),
(28, 28, 30),
(29, 29, 24),
(30, 30, 30),
(31, 31, 30),
(32, 32, 30),
(33, 33, 19),
(34, 34, 24),
(35, 35, 15),
(36, 36, 16),
(37, 37, 27),
(38, 38, 41),
(39, 39, 40),
(40, 40, 18),
(41, 41, 18),
(42, 42, 5),
(43, 43, 18),
(44, 44, 43),
(45, 45, 36),
(46, 46, 41),
(47, 47, 37),
(48, 48, 7),
(49, 49, 18),
(50, 50, 18),
(51, 51, 8),
(52, 52, 41),
(53, 53, 24),
(54, 54, 18),
(55, 55, 35),
(56, 56, 6),
(57, 57, 35),
(58, 58, 1),
(59, 59, 28),
(60, 60, 18),
(61, 61, 18),
(62, 62, 18),
(63, 63, 3),
(64, 63, 5),
(65, 64, 1),
(66, 65, 4),
(67, 66, 6),
(68, 67, 20),
(69, 68, 15),
(70, 69, 30),
(71, 70, 33),
(72, 71, 22),
(73, 72, 35),
(74, 73, 41),
(75, 74, 24),
(76, 75, 20),
(77, 76, 24),
(78, 77, 10),
(79, 78, 41),
(80, 79, 38),
(81, 80, 22),
(82, 81, 36),
(83, 82, 5),
(84, 83, 20),
(85, 84, 18),
(86, 85, 41),
(87, 86, 36),
(88, 87, 24),
(89, 88, 26),
(90, 89, 4),
(91, 90, 24),
(92, 91, 30),
(93, 92, 41),
(94, 93, 41),
(95, 94, 30),
(96, 95, 36),
(97, 96, 2),
(98, 97, 35),
(99, 98, 6),
(100, 99, 6),
(101, 100, 26),
(102, 101, 41),
(103, 102, 24),
(104, 103, 18),
(105, 104, 18),
(106, 105, 14),
(107, 106, 41),
(108, 107, 30),
(109, 108, 18),
(110, 109, 11),
(111, 110, 24),
(112, 111, 23),
(113, 112, 18),
(114, 113, 41),
(115, 114, 21),
(116, 115, 18),
(117, 116, 18),
(118, 117, 24),
(119, 118, 30),
(120, 119, 24),
(121, 120, 23),
(122, 121, 24),
(123, 122, 16),
(124, 123, 5),
(125, 124, 16),
(126, 125, 24),
(127, 126, 37),
(128, 127, 7),
(129, 128, 21),
(130, 129, 7),
(131, 130, 18),
(132, 131, 36),
(133, 132, 18),
(134, 133, 18),
(135, 134, 29),
(136, 135, 15),
(137, 136, 22),
(138, 137, 24),
(139, 138, 18),
(140, 139, 6),
(141, 140, 18),
(142, 141, 25),
(143, 142, 17),
(144, 143, 24),
(145, 144, 41),
(146, 145, 7),
(147, 146, 18),
(148, 147, 41),
(149, 148, 6),
(150, 149, 32),
(151, 150, 20),
(152, 151, 4),
(153, 152, 4),
(154, 153, 21),
(155, 154, 36),
(156, 155, 21),
(157, 156, 5),
(158, 157, 16),
(159, 158, 21),
(160, 159, 20),
(161, 160, 20),
(162, 161, 22),
(163, 162, 22),
(164, 163, 6),
(165, 164, 35),
(166, 165, 9);
